seme,insieme,RMSE,SS,configurazione
0,train,0.009754180908203125,0.02766573429107666,M0: solo SoH
0,validation,0.006623046472668648,0.037859320640563965,M0: solo SoH
0,test_id,0.011023497208952904,0.00040209293365478516,M0: solo SoH
0,test_ood,0.00865973625332117,-0.15935158729553223,M0: solo SoH
1,train,0.009730158373713493,0.03244912624359131,M0: solo SoH
1,validation,0.00662088580429554,0.038487017154693604,M0: solo SoH
1,test_id,0.010826407000422478,0.03582638502120972,M0: solo SoH
1,test_ood,0.007544654421508312,0.1199960708618164,M0: solo SoH
2,train,0.009559879079461098,0.06601744890213013,M0: solo SoH
2,validation,0.006484995596110821,0.07755106687545776,M0: solo SoH
2,test_id,0.010621851310133934,0.07191675901412964,M0: solo SoH
2,test_ood,0.0075884610414505005,0.10974723100662231,M0: solo SoH
3,train,0.01158816460520029,-0.37234485149383545,M0: solo SoH
3,validation,0.007892191410064697,-0.3662123680114746,M0: solo SoH
3,test_id,0.012113169766962528,-0.2069857120513916,M0: solo SoH
3,test_ood,0.008267192170023918,-0.056627631187438965,M0: solo SoH
4,train,0.010071230120956898,-0.03657078742980957,M0: solo SoH
4,validation,0.0065237656235694885,0.06648838520050049,M0: solo SoH
4,test_id,0.010814961045980453,0.037864089012145996,M0: solo SoH
4,test_ood,0.007676145061850548,0.08905482292175293,M0: solo SoH
5,train,0.009898535907268524,-0.001326918601989746,M0: solo SoH
5,validation,0.0067390818148851395,0.0038506388664245605,M0: solo SoH
5,test_id,0.010877283290028572,0.02674335241317749,M0: solo SoH
5,test_ood,0.007696322165429592,0.08425962924957275,M0: solo SoH
0,train,0.009947494603693485,-0.011256575584411621,M0 + voltage_mean_rel
0,validation,0.007053467910736799,-0.09126043319702148,M0 + voltage_mean_rel
0,test_id,0.011122066527605057,-0.017554044723510742,M0 + voltage_mean_rel
0,test_ood,0.008002862334251404,0.00986015796661377,M0 + voltage_mean_rel
1,train,0.009694145061075687,0.03959810733795166,M0 + voltage_mean_rel
1,validation,0.0065000541508197784,0.07326209545135498,M0 + voltage_mean_rel
1,test_id,0.010747584514319897,0.04981487989425659,M0 + voltage_mean_rel
1,test_ood,0.0073476131074130535,0.1653614640235901,M0 + voltage_mean_rel
2,train,0.009794400073587894,0.019630789756774902,M0 + voltage_mean_rel
2,validation,0.007092275191098452,-0.10330140590667725,M0 + voltage_mean_rel
2,test_id,0.011536311358213425,-0.0947638750076294,M0 + voltage_mean_rel
2,test_ood,0.007522339001297951,0.12519413232803345,M0 + voltage_mean_rel
3,train,0.009678916074335575,0.04261314868927002,M0 + voltage_mean_rel
3,validation,0.0065988036803901196,0.04488992691040039,M0 + voltage_mean_rel
3,test_id,0.010721164755523205,0.054480552673339844,M0 + voltage_mean_rel
3,test_ood,0.007606550585478544,0.10549783706665039,M0 + voltage_mean_rel
4,train,0.009680274873971939,0.04234445095062256,M0 + voltage_mean_rel
4,validation,0.006633009761571884,0.034962356090545654,M0 + voltage_mean_rel
4,test_id,0.010713632218539715,0.0558086633682251,M0 + voltage_mean_rel
4,test_ood,0.00733218202367425,0.1688634753227234,M0 + voltage_mean_rel
5,train,0.010235663503408432,-0.07069551944732666,M0 + voltage_mean_rel
5,validation,0.007778103929013014,-0.3269987106323242,M0 + voltage_mean_rel
5,test_id,0.011353950016200542,-0.06042623519897461,M0 + voltage_mean_rel
5,test_ood,0.008821612223982811,-0.20310020446777344,M0 + voltage_mean_rel
0,train,0.009746430441737175,0.029210329055786133,M0 + voltage_min_rel
0,validation,0.038425348699092865,-31.38610076904297,M0 + voltage_min_rel
0,test_id,0.010695241391658783,0.059047579765319824,M0 + voltage_min_rel
0,test_ood,0.009371606633067131,-0.35779428482055664,M0 + voltage_min_rel
1,train,0.010007595643401146,-0.023513317108154297,M0 + voltage_min_rel
1,validation,0.029247289523482323,-17.762651443481445,M0 + voltage_min_rel
1,test_id,0.011288003996014595,-0.048143625259399414,M0 + voltage_min_rel
1,test_ood,0.01203746534883976,-1.2401442527770996,M0 + voltage_min_rel
2,train,0.009611313231289387,0.055940449237823486,M0 + voltage_min_rel
2,validation,0.01961921527981758,-7.442795753479004,M0 + voltage_min_rel
2,test_id,0.01086464338004589,0.029003918170928955,M0 + voltage_min_rel
2,test_ood,0.007531249430030584,0.12312048673629761,M0 + voltage_min_rel
3,train,0.009546616114675999,0.0686071515083313,M0 + voltage_min_rel
3,validation,0.02117360383272171,-8.833600997924805,M0 + voltage_min_rel
3,test_id,0.010782592929899693,0.04361456632614136,M0 + voltage_min_rel
3,test_ood,0.0074912928976118565,0.13240021467208862,M0 + voltage_min_rel
4,train,0.009701661765575409,0.038108229637145996,M0 + voltage_min_rel
4,validation,0.056840501725673676,-69.86614227294922,M0 + voltage_min_rel
4,test_id,0.011589077301323414,-0.10480141639709473,M0 + voltage_min_rel
4,test_ood,0.008406278677284718,-0.09247982501983643,M0 + voltage_min_rel
5,train,0.012164323590695858,-0.5122021436691284,M0 + voltage_min_rel
5,validation,0.03410710394382477,-24.516002655029297,M0 + voltage_min_rel
5,test_id,0.013122976757586002,-0.4166131019592285,M0 + voltage_min_rel
5,test_ood,0.011519434861838818,-1.0514845848083496,M0 + voltage_min_rel
0,train,0.00926416926085949,0.12290436029434204,M0 + voltage_max_rel
0,validation,0.006036229431629181,0.20080184936523438,M0 + voltage_max_rel
0,test_id,0.010739953257143497,0.051163673400878906,M0 + voltage_max_rel
0,test_ood,0.009318429976701736,-0.34242916107177734,M0 + voltage_max_rel
1,train,0.009232408367097378,0.1289082169532776,M0 + voltage_max_rel
1,validation,0.005945038516074419,0.22476685047149658,M0 + voltage_max_rel
1,test_id,0.010801772587001324,0.040209293365478516,M0 + voltage_max_rel
1,test_ood,0.008300717920064926,-0.06521475315093994,M0 + voltage_max_rel
2,train,0.00919480063021183,0.1359904408454895,M0 + voltage_max_rel
2,validation,0.005864233709871769,0.2456974983215332,M0 + voltage_max_rel
2,test_id,0.010818790644407272,0.03718256950378418,M0 + voltage_max_rel
2,test_ood,0.008092439733445644,-0.012429475784301758,M0 + voltage_max_rel
3,train,0.009382406249642372,0.10037308931350708,M0 + voltage_max_rel
3,validation,0.005922350101172924,0.2306727170944214,M0 + voltage_max_rel
3,test_id,0.010769089683890343,0.046008527278900146,M0 + voltage_max_rel
3,test_ood,0.008031829260289669,0.0026794075965881348,M0 + voltage_max_rel
4,train,0.009500933811068535,0.07749974727630615,M0 + voltage_max_rel
4,validation,0.006111474707722664,0.180752694606781,M0 + voltage_max_rel
4,test_id,0.010243222117424011,0.13690286874771118,M0 + voltage_max_rel
4,test_ood,0.010414278134703636,-0.6767340898513794,M0 + voltage_max_rel
5,train,0.009097275324165821,0.1542215347290039,M0 + voltage_max_rel
5,validation,0.005752974655479193,0.2740480303764343,M0 + voltage_max_rel
5,test_id,0.010834364220499992,0.03440868854522705,M0 + voltage_max_rel
5,test_ood,0.008584952913224697,-0.13941442966461182,M0 + voltage_max_rel
0,train,0.010506294667720795,-0.12806248664855957,M0 + voltage_std_rel
0,validation,0.01456674374639988,-3.654231071472168,M0 + voltage_std_rel
0,test_id,0.012457449920475483,-0.27657055854797363,M0 + voltage_std_rel
0,test_ood,0.009584628976881504,-0.4202229976654053,M0 + voltage_std_rel
1,train,0.009779136627912521,0.022684156894683838,M0 + voltage_std_rel
1,validation,0.014118381775915623,-3.3721275329589844,M0 + voltage_std_rel
1,test_id,0.010946529917418957,0.014312028884887695,M0 + voltage_std_rel
1,test_ood,0.007969030179083347,0.018214106559753418,M0 + voltage_std_rel
2,train,0.00975920632481575,0.026663661003112793,M0 + voltage_std_rel
2,validation,0.006527204066514969,0.06550413370132446,M0 + voltage_std_rel
2,test_id,0.010826753452420235,0.03576481342315674,M0 + voltage_std_rel
2,test_ood,0.007917576469480991,0.030851244926452637,M0 + voltage_std_rel
3,train,0.009823603555560112,0.013775944709777832,M0 + voltage_std_rel
3,validation,0.01102385949343443,-1.6655712127685547,M0 + voltage_std_rel
3,test_id,0.0114345233887434,-0.0755302906036377,M0 + voltage_std_rel
3,test_ood,0.007692396640777588,0.08519351482391357,M0 + voltage_std_rel
4,train,0.009725801646709442,0.03331547975540161,M0 + voltage_std_rel
4,validation,0.006654550787061453,0.028684139251708984,M0 + voltage_std_rel
4,test_id,0.010964224115014076,0.01112288236618042,M0 + voltage_std_rel
4,test_ood,0.007799290120601654,0.05959266424179077,M0 + voltage_std_rel
5,train,0.009499207139015198,0.07783490419387817,M0 + voltage_std_rel
5,validation,0.011039392091333866,-1.6730883121490479,M0 + voltage_std_rel
5,test_id,0.010757166892290115,0.04811978340148926,M0 + voltage_std_rel
5,test_ood,0.007467164658010006,0.13797998428344727,M0 + voltage_std_rel
0,train,0.0135494414716959,-0.8761895895004272,M0 + temperature_mean_rise_rel
0,validation,0.009417962282896042,-0.945525050163269,M0 + temperature_mean_rise_rel
0,test_id,0.014330616220831871,-0.6893367767333984,M0 + temperature_mean_rise_rel
0,test_ood,0.009765497408807278,-0.4743298292160034,M0 + temperature_mean_rise_rel
1,train,0.009717792272567749,0.034906983375549316,M0 + temperature_mean_rise_rel
1,validation,0.006515264976769686,0.06891965866088867,M0 + temperature_mean_rise_rel
1,test_id,0.010854164138436317,0.0308760404586792,M0 + temperature_mean_rise_rel
1,test_ood,0.007653013803064823,0.0945366621017456,M0 + temperature_mean_rise_rel
2,train,0.009651229716837406,0.04808253049850464,M0 + temperature_mean_rise_rel
2,validation,0.006577418185770512,0.05107063055038452,M0 + temperature_mean_rise_rel
2,test_id,0.010816206224262714,0.03764241933822632,M0 + temperature_mean_rise_rel
2,test_ood,0.00756083382293582,0.11621779203414917,M0 + temperature_mean_rise_rel
3,train,0.009415226057171822,0.09406834840774536,M0 + temperature_mean_rise_rel
3,validation,0.006769666913896799,-0.005211830139160156,M0 + temperature_mean_rise_rel
3,test_id,0.011055609211325645,-0.005430102348327637,M0 + temperature_mean_rise_rel
3,test_ood,0.0077982801012694836,0.05983614921569824,M0 + temperature_mean_rise_rel
4,train,0.009554046206176281,0.0671568512916565,M0 + temperature_mean_rise_rel
4,validation,0.006820173002779484,-0.02026689052581787,M0 + temperature_mean_rise_rel
4,test_id,0.011600161902606487,-0.10691583156585693,M0 + temperature_mean_rise_rel
4,test_ood,0.007264379411935806,0.1841639280319214,M0 + temperature_mean_rise_rel
5,train,0.0095144622027874,0.07487058639526367,M0 + temperature_mean_rise_rel
5,validation,0.0064744106493890285,0.08055984973907471,M0 + temperature_mean_rise_rel
5,test_id,0.01082684751600027,0.0357479453086853,M0 + temperature_mean_rise_rel
5,test_ood,0.007684905547648668,0.08697444200515747,M0 + temperature_mean_rise_rel
0,train,0.009563319385051727,0.06534510850906372,M0 + temperature_max_rise_rel
0,validation,0.00675353454425931,-0.0004266500473022461,M0 + temperature_max_rise_rel
0,test_id,0.010837838985025883,0.03378915786743164,M0 + temperature_max_rise_rel
0,test_ood,0.008729296736419201,-0.17805182933807373,M0 + temperature_max_rise_rel
1,train,0.00963546521961689,0.0511898398399353,M0 + temperature_max_rise_rel
1,validation,0.006536599714308977,0.0628119707107544,M0 + temperature_max_rise_rel
1,test_id,0.010868155397474766,0.02837604284286499,M0 + temperature_max_rise_rel
1,test_ood,0.008315851911902428,-0.06910252571105957,M0 + temperature_max_rise_rel
2,train,0.010295195505023003,-0.08318626880645752,M0 + temperature_max_rise_rel
2,validation,0.006502163130789995,0.07266056537628174,M0 + temperature_max_rise_rel
2,test_id,0.010938839055597782,0.01569652557373047,M0 + temperature_max_rise_rel
2,test_ood,0.012437786906957626,-1.3916196823120117,M0 + temperature_max_rise_rel
3,train,0.009473429061472416,0.08283311128616333,M0 + temperature_max_rise_rel
3,validation,0.006540763657540083,0.061617493629455566,M0 + temperature_max_rise_rel
3,test_id,0.01083728950470686,0.03388720750808716,M0 + temperature_max_rise_rel
3,test_ood,0.008146441541612148,-0.025986671447753906,M0 + temperature_max_rise_rel
4,train,0.009582207538187504,0.0616493821144104,M0 + temperature_max_rise_rel
4,validation,0.006647969596087933,0.03060448169708252,M0 + temperature_max_rise_rel
4,test_id,0.011058924719691277,-0.00603330135345459,M0 + temperature_max_rise_rel
4,test_ood,0.008577264845371246,-0.1373746395111084,M0 + temperature_max_rise_rel
5,train,0.009564731270074844,0.06506919860839844,M0 + temperature_max_rise_rel
5,validation,0.0064997016452252865,0.07336252927780151,M0 + temperature_max_rise_rel
5,test_id,0.010843519121408463,0.03277617692947388,M0 + temperature_max_rise_rel
5,test_ood,0.007736575324088335,0.07465559244155884,M0 + temperature_max_rise_rel
0,train,0.014777547679841518,-1.2317147254943848,M0 + temperature_std_rel
0,validation,0.010026211850345135,-1.204939842224121,M0 + temperature_std_rel
0,test_id,0.015281179919838905,-0.9208801984786987,M0 + temperature_std_rel
0,test_ood,0.02116251178085804,-5.923732280731201,M0 + temperature_std_rel
1,train,0.009587341919541359,0.060643672943115234,M0 + temperature_std_rel
1,validation,0.006509989034384489,0.07042700052261353,M0 + temperature_std_rel
1,test_id,0.010755837894976139,0.048354923725128174,M0 + temperature_std_rel
1,test_ood,0.008731251582503319,-0.1785794496536255,M0 + temperature_std_rel
2,train,0.010046092793345451,-0.03140270709991455,M0 + temperature_std_rel
2,validation,0.006565595045685768,0.05447906255722046,M0 + temperature_std_rel
2,test_id,0.01081329956650734,0.038159728050231934,M0 + temperature_std_rel
2,test_ood,0.007607937790453434,0.1051715612411499,M0 + temperature_std_rel
3,train,0.01028103195130825,-0.0802079439163208,M0 + temperature_std_rel
3,validation,0.00729027297347784,-0.16576385498046875,M0 + temperature_std_rel
3,test_id,0.011189526878297329,-0.029935359954833984,M0 + temperature_std_rel
3,test_ood,0.009926007129251957,-0.523193359375,M0 + temperature_std_rel
4,train,0.00946081429719925,0.0852741003036499,M0 + temperature_std_rel
4,validation,0.006551702972501516,0.058476030826568604,M0 + temperature_std_rel
4,test_id,0.011005602777004242,0.0036447644233703613,M0 + temperature_std_rel
4,test_ood,0.008218314498662949,-0.044170379638671875,M0 + temperature_std_rel
5,train,0.010007573291659355,-0.023508548736572266,M0 + temperature_std_rel
5,validation,0.006568605545908213,0.05361175537109375,M0 + temperature_std_rel
5,test_id,0.010862222872674465,0.02943652868270874,M0 + temperature_std_rel
5,test_ood,0.008516665548086166,-0.1213599443435669,M0 + temperature_std_rel
0,train,0.010155375115573406,-0.05396425724029541,M0 + discharge_time_rel
0,validation,0.007845050655305386,-0.3499401807785034,M0 + discharge_time_rel
0,test_id,0.012581358663737774,-0.30209171772003174,M0 + discharge_time_rel
0,test_ood,0.009941043332219124,-0.5278116464614868,M0 + discharge_time_rel
1,train,0.009512641467154026,0.07522475719451904,M0 + discharge_time_rel
1,validation,0.006455261260271072,0.08599072694778442,M0 + discharge_time_rel
1,test_id,0.010691175237298012,0.05976289510726929,M0 + discharge_time_rel
1,test_ood,0.007721034809947014,0.07836931943893433,M0 + discharge_time_rel
2,train,0.010171497240662575,-0.05731332302093506,M0 + discharge_time_rel
2,validation,0.007667957805097103,-0.2896813154220581,M0 + discharge_time_rel
2,test_id,0.012029757723212242,-0.19042015075683594,M0 + discharge_time_rel
2,test_ood,0.012328961864113808,-1.3499517440795898,M0 + discharge_time_rel
3,train,0.009374432265758514,0.1019015908241272,M0 + discharge_time_rel
3,validation,0.0063972086645662785,0.10235625505447388,M0 + discharge_time_rel
3,test_id,0.010519455187022686,0.08972418308258057,M0 + discharge_time_rel
3,test_ood,0.007270917762070894,0.18269461393356323,M0 + discharge_time_rel
4,train,0.009606580249965191,0.05686992406845093,M0 + discharge_time_rel
4,validation,0.006393030285835266,0.10352843999862671,M0 + discharge_time_rel
4,test_id,0.010592622682452202,0.07701730728149414,M0 + discharge_time_rel
4,test_ood,0.00803674478083849,0.001458287239074707,M0 + discharge_time_rel
5,train,0.009210696443915367,0.13300037384033203,M0 + discharge_time_rel
5,validation,0.006241313181817532,0.14557307958602905,M0 + discharge_time_rel
5,test_id,0.011035299859941006,-0.0017393827438354492,M0 + discharge_time_rel
5,test_ood,0.007205557078123093,0.19732260704040527,M0 + discharge_time_rel
0,train,0.009568671695888042,0.06429868936538696,M0 + num_measurements_rel
0,validation,0.007298546377569437,-0.1684112548828125,M0 + num_measurements_rel
0,test_id,0.01674419641494751,-1.3062963485717773,M0 + num_measurements_rel
0,test_ood,0.00781869888305664,0.054906368255615234,M0 + num_measurements_rel
1,train,0.008666735142469406,0.23238229751586914,M0 + num_measurements_rel
1,validation,0.00642988970503211,0.09316128492355347,M0 + num_measurements_rel
1,test_id,0.011794889345765114,-0.14439046382904053,M0 + num_measurements_rel
1,test_ood,0.007571526803076267,0.1137162446975708,M0 + num_measurements_rel
2,train,0.008845585398375988,0.2003735899925232,M0 + num_measurements_rel
2,validation,0.006300406996160746,0.1293168067932129,M0 + num_measurements_rel
2,test_id,0.011154158040881157,-0.023434758186340332,M0 + num_measurements_rel
2,test_ood,0.00835749413818121,-0.07983648777008057,M0 + num_measurements_rel
3,train,0.008823013864457607,0.20444929599761963,M0 + num_measurements_rel
3,validation,0.006432552356272936,0.09241008758544922,M0 + num_measurements_rel
3,test_id,0.010943072848021984,0.0149344801902771,M0 + num_measurements_rel
3,test_ood,0.007554198149591684,0.11776834726333618,M0 + num_measurements_rel
4,train,0.009064608253538609,0.16028469800949097,M0 + num_measurements_rel
4,validation,0.006540871225297451,0.06158667802810669,M0 + num_measurements_rel
4,test_id,0.014035578817129135,-0.6204930543899536,M0 + num_measurements_rel
4,test_ood,0.010399424470961094,-0.6719545125961304,M0 + num_measurements_rel
5,train,0.008912604302167892,0.18821090459823608,M0 + num_measurements_rel
5,validation,0.006711489520967007,0.011991143226623535,M0 + num_measurements_rel
5,test_id,0.011278115212917328,-0.046308040618896484,M0 + num_measurements_rel
5,test_ood,0.008747323416173458,-0.18292236328125,M0 + num_measurements_rel
