seme,insieme,n_finestre,RMSE,SS,parametri,composizione,n_blocchi,n_finestre_train
0,train,316,0.009124178439378738,0.14921170473098755,16705,omogenea,2,316
0,validation,158,0.012259927578270435,-2.296847105026245,16705,omogenea,2,316
0,test_id,172,0.02176726423203945,-2.8975725173950195,16705,omogenea,2,316
0,test_ood,150,0.01740521751344204,-3.6834378242492676,16705,omogenea,2,316
1,train,316,0.009650800377130508,0.04816722869873047,16705,omogenea,2,316
1,validation,158,0.011226681061089039,-1.7645580768585205,16705,omogenea,2,316
1,test_id,172,0.02833874709904194,-5.606140613555908,16705,omogenea,2,316
1,test_ood,150,0.026615945622324944,-9.951906204223633,16705,omogenea,2,316
2,train,316,0.009202361106872559,0.1345689296722412,16705,omogenea,2,316
2,validation,158,0.008973296731710434,-0.7661479711532593,16705,omogenea,2,316
2,test_id,172,0.01106630451977253,-0.007376313209533691,16705,omogenea,2,316
2,test_ood,150,0.008368903771042824,-0.08278703689575195,16705,omogenea,2,316
0,train,503,0.02755981683731079,0.09250015020370483,16705,omogenea,3,503
0,validation,158,0.021643416956067085,-9.27483081817627,16705,omogenea,3,503
0,test_id,172,0.05985508859157562,-28.470579147338867,16705,omogenea,3,503
0,test_ood,150,0.030835185199975967,-13.699379920959473,16705,omogenea,3,503
1,train,503,0.021544676274061203,0.4454076886177063,16705,omogenea,3,503
1,validation,158,0.007878178730607033,-0.36136507987976074,16705,omogenea,3,503
1,test_id,172,0.012512871995568275,-0.2879544496536255,16705,omogenea,3,503
1,test_ood,150,0.01050908025354147,-0.7073999643325806,16705,omogenea,3,503
2,train,503,0.021209778264164925,0.4625151753425598,16705,omogenea,3,503
2,validation,158,0.007596446666866541,-0.26573848724365234,16705,omogenea,3,503
2,test_id,172,0.011121049523353577,-0.017367959022521973,16705,omogenea,3,503
2,test_ood,150,0.007887277752161026,0.03825455904006958,16705,omogenea,3,503
0,train,674,0.02703065797686577,0.5448601245880127,16705,omogenea,4,674
0,validation,158,0.007874942384660244,-0.3602468967437744,16705,omogenea,4,674
0,test_id,172,0.05953706428408623,-28.158241271972656,16705,omogenea,4,674
0,test_ood,150,0.01182750053703785,-1.1626780033111572,16705,omogenea,4,674
1,train,674,0.029746364802122116,0.4488123655319214,16705,omogenea,4,674
1,validation,158,0.010749280452728271,-1.5344383716583252,16705,omogenea,4,674
1,test_id,172,0.014250027015805244,-0.6703901290893555,16705,omogenea,4,674
1,test_ood,150,0.00997687503695488,-0.5388451814651489,16705,omogenea,4,674
2,train,674,0.029330965131521225,0.46409928798675537,16705,omogenea,4,674
2,validation,158,0.0066051241010427475,0.043059468269348145,16705,omogenea,4,674
2,test_id,172,0.01937975361943245,-2.089462995529175,16705,omogenea,4,674
2,test_ood,150,0.007742309011518955,0.07328355312347412,16705,omogenea,4,674
0,train,860,0.02871181070804596,0.4792766571044922,16705,omogenea,5,860
0,validation,158,0.007711058482527733,-0.30422043800354004,16705,omogenea,5,860
0,test_id,172,0.02275642193853855,-3.2598519325256348,16705,omogenea,5,860
0,test_ood,150,0.008023204281926155,0.004820108413696289,16705,omogenea,5,860
1,train,860,0.02977522276341915,0.4399898648262024,16705,omogenea,5,860
1,validation,158,0.006922199856489897,-0.05102062225341797,16705,omogenea,5,860
1,test_id,172,0.013340791687369347,-0.46402907371520996,16705,omogenea,5,860
1,test_ood,150,0.00851999968290329,-0.12223803997039795,16705,omogenea,5,860
2,train,860,0.0316903181374073,0.3656351566314697,16705,omogenea,5,860
2,validation,158,0.00667210528627038,0.02355283498764038,16705,omogenea,5,860
2,test_id,172,0.015379311516880989,-0.9456303119659424,16705,omogenea,5,860
2,test_ood,150,0.008815877139568329,-0.2015364170074463,16705,omogenea,5,860
0,train,885,0.02992866560816765,0.41800832748413086,16705,omogenea,6,885
0,validation,158,0.008348662406206131,-0.5288214683532715,16705,omogenea,6,885
0,test_id,172,0.01153598167002201,-0.09470129013061523,16705,omogenea,6,885
0,test_ood,150,0.008080584928393364,-0.009465575218200684,16705,omogenea,6,885
1,train,885,0.029108533635735512,0.44946783781051636,16705,omogenea,6,885
1,validation,158,0.006964579690247774,-0.06392931938171387,16705,omogenea,6,885
1,test_id,172,0.016268162056803703,-1.177025556564331,16705,omogenea,6,885
1,test_ood,150,0.008347569033503532,-0.07727336883544922,16705,omogenea,6,885
2,train,885,0.028093472123146057,0.487194299697876,16705,omogenea,6,885
2,validation,158,0.006583116482943296,0.049425721168518066,16705,omogenea,6,885
2,test_id,172,0.026279844343662262,-4.681095123291016,16705,omogenea,6,885
2,test_ood,150,0.008087383583188057,-0.01116478443145752,16705,omogenea,6,885
0,train,341,0.011080751195549965,0.3951743245124817,16705,eterogenea,3,341
0,validation,158,0.011774647980928421,-2.0410170555114746,16705,eterogenea,3,341
0,test_id,172,0.014136726036667824,-0.6439331769943237,16705,eterogenea,3,341
0,test_ood,150,0.014353129081428051,-2.1849238872528076,16705,eterogenea,3,341
1,train,341,0.011323715560138226,0.36835986375808716,16705,eterogenea,3,341
1,validation,158,0.01117867324501276,-1.7409651279449463,16705,eterogenea,3,341
1,test_id,172,0.016928724944591522,-1.3574094772338867,16705,eterogenea,3,341
1,test_ood,150,0.020366884768009186,-5.412909507751465,16705,eterogenea,3,341
2,train,341,0.01708098314702511,-0.4372011423110962,16705,eterogenea,3,341
2,validation,158,0.022930778563022614,-10.533485412597656,16705,eterogenea,3,341
2,test_id,172,0.014931399375200272,-0.8339502811431885,16705,eterogenea,3,341
2,test_ood,150,0.01882844790816307,-4.480686187744141,16705,eterogenea,3,341
0,train,364,0.013649909757077694,0.09826546907424927,16705,eterogenea,4,364
0,validation,158,0.020409688353538513,-8.136833190917969,16705,eterogenea,4,364
0,test_id,172,0.02819538488984108,-5.539470195770264,16705,eterogenea,4,364
0,test_ood,150,0.017211152240633965,-3.579580783843994,16705,eterogenea,4,364
1,train,364,0.010906209237873554,0.4243389964103699,16705,eterogenea,4,364
1,validation,158,0.009350738488137722,-0.9178507328033447,16705,eterogenea,4,364
1,test_id,172,0.011718210764229298,-0.12955951690673828,16705,eterogenea,4,364
1,test_ood,150,0.01354851946234703,-1.837850570678711,16705,eterogenea,4,364
2,train,364,0.009806950576603413,0.5345349311828613,16705,eterogenea,4,364
2,validation,158,0.008670777082443237,-0.6490695476531982,16705,eterogenea,4,364
2,test_id,172,0.011069969274103642,-0.008043646812438965,16705,eterogenea,4,364
2,test_ood,150,0.008351919241249561,-0.07839643955230713,16705,eterogenea,4,364
0,train,421,0.8398875594139099,0.32739830017089844,16705,eterogenea,5,421
0,validation,158,0.015789465978741646,-4.468369483947754,16705,eterogenea,5,421
0,test_id,172,0.012952984310686588,-0.3801497220993042,16705,eterogenea,5,421
0,test_ood,150,0.01517555397003889,-2.5603690147399902,16705,eterogenea,5,421
1,train,421,0.877116858959198,0.2664485573768616,16705,eterogenea,5,421
1,validation,158,0.034091439098119736,-24.492570877075195,16705,eterogenea,5,421
1,test_id,172,0.2475396990776062,-503.05303955078125,16705,eterogenea,5,421
1,test_ood,150,0.059900932013988495,-54.471900939941406,16705,eterogenea,5,421
2,train,421,0.8886337280273438,0.24705851078033447,16705,eterogenea,5,421
2,validation,158,0.056549057364463806,-69.14128875732422,16705,eterogenea,5,421
2,test_id,172,0.39553651213645935,-1285.9439697265625,16705,eterogenea,5,421
2,test_ood,150,0.05600453540682793,-47.490013122558594,16705,eterogenea,5,421
0,train,439,0.9241544604301453,0.1508464217185974,16705,eterogenea,6,439
0,validation,158,0.04736601188778877,-48.21036911010742,16705,eterogenea,6,439
0,test_id,172,0.19505299627780914,-311.96209716796875,16705,eterogenea,6,439
0,test_ood,150,0.05684458091855049,-48.95558166503906,16705,eterogenea,6,439
1,train,439,0.8589758276939392,0.2664005160331726,16705,eterogenea,6,439
1,validation,158,0.03960064798593521,-33.397552490234375,16705,eterogenea,6,439
1,test_id,172,0.3135968744754791,-807.9655151367188,16705,eterogenea,6,439
1,test_ood,150,0.07262098044157028,-80.5323715209961,16705,eterogenea,6,439
2,train,439,0.09025447070598602,0.9919009208679199,16705,eterogenea,6,439
2,validation,158,0.012168250977993011,-2.247725486755371,16705,eterogenea,6,439
2,test_id,172,0.02512633055448532,-4.193315029144287,16705,eterogenea,6,439
2,test_ood,150,0.011830555275082588,-1.1637952327728271,16705,eterogenea,6,439
0,train,457,0.14982293546199799,0.9767670035362244,16705,eterogenea,7,457
0,validation,158,0.01489645428955555,-3.867307186126709,16705,eterogenea,7,457
0,test_id,172,0.17482274770736694,-250.40989685058594,16705,eterogenea,7,457
0,test_ood,150,0.02728206478059292,-10.506953239440918,16705,eterogenea,7,457
1,train,457,0.8589370250701904,0.23639124631881714,16705,eterogenea,7,457
1,validation,158,0.02440972812473774,-12.069195747375488,16705,eterogenea,7,457
1,test_id,172,0.25609397888183594,-538.4923095703125,16705,eterogenea,7,457
1,test_ood,150,0.06061439961194992,-55.80120086669922,16705,eterogenea,7,457
2,train,457,1.0723727941513062,-0.19025444984436035,16705,eterogenea,7,457
2,validation,158,0.015706181526184082,-4.410833835601807,16705,eterogenea,7,457
2,test_id,172,2.04050874710083,-34249.22265625,16705,eterogenea,7,457
2,test_ood,150,0.04545598477125168,-30.94390869140625,16705,eterogenea,7,457
0,train,475,0.2387312352657318,0.9386882781982422,16705,eterogenea,8,475
0,validation,158,0.011062034405767918,-1.6840648651123047,16705,eterogenea,8,475
0,test_id,172,1.8886781930923462,-29341.859375,16705,eterogenea,8,475
0,test_ood,150,0.017553528770804405,-3.763594150543213,16705,eterogenea,8,475
1,train,475,0.8298200964927673,0.25921374559402466,16705,eterogenea,8,475
1,validation,158,0.036937933415174484,-28.927345275878906,16705,eterogenea,8,475
1,test_id,172,0.36913982033729553,-1119.9036865234375,16705,eterogenea,8,475
1,test_ood,150,0.0884597972035408,-119.97560119628906,16705,eterogenea,8,475
2,train,475,0.8802311420440674,0.1664752960205078,16705,eterogenea,8,475
2,validation,158,0.07814525067806244,-132.94549560546875,16705,eterogenea,8,475
2,test_id,172,0.262064129114151,-563.9391479492188,16705,eterogenea,8,475
2,test_ood,150,0.07413424551486969,-83.96569061279297,16705,eterogenea,8,475
0,train,500,0.6217228770256042,0.5626866221427917,16705,eterogenea,9,500
0,validation,158,0.026898229494690895,-14.869760513305664,16705,eterogenea,9,500
0,test_id,172,3.2899534702301025,-89035.078125,16705,eterogenea,9,500
0,test_ood,150,0.045120008289813995,-30.473438262939453,16705,eterogenea,9,500
1,train,500,0.8302524089813232,0.22013521194458008,16705,eterogenea,9,500
1,validation,158,0.03264607489109039,-22.376794815063477,16705,eterogenea,9,500
1,test_id,172,0.3528837561607361,-1023.353515625,16705,eterogenea,9,500
1,test_ood,150,0.08783512562513351,-118.2730484008789,16705,eterogenea,9,500
2,train,500,0.8289668560028076,0.22254842519760132,16705,eterogenea,9,500
2,validation,158,0.05019041895866394,-54.254119873046875,16705,eterogenea,9,500
2,test_id,172,0.36289843916893005,-1082.3199462890625,16705,eterogenea,9,500
2,test_ood,150,0.07843326032161713,-94.10566711425781,16705,eterogenea,9,500
0,train,518,0.5687729716300964,0.6208385825157166,16705,eterogenea,10,518
0,validation,158,0.016599783673882484,-5.0440473556518555,16705,eterogenea,10,518
0,test_id,172,0.37374386191368103,-1148.038818359375,16705,eterogenea,10,518
0,test_ood,150,0.02324225939810276,-7.351462364196777,16705,eterogenea,10,518
1,train,518,0.813361644744873,0.22462183237075806,16705,eterogenea,10,518
1,validation,158,0.03155669569969177,-20.84268569946289,16705,eterogenea,10,518
1,test_id,172,0.33037883043289185,-896.8648681640625,16705,eterogenea,10,518
1,test_ood,150,0.0682465061545372,-71.00566864013672,16705,eterogenea,10,518
2,train,518,0.8208010196685791,0.21037304401397705,16705,eterogenea,10,518
2,validation,158,0.02818056009709835,-16.418960571289062,16705,eterogenea,10,518
2,test_id,172,0.34505119919776917,-978.3853759765625,16705,eterogenea,10,518
2,test_ood,150,0.04850342497229576,-35.37062072753906,16705,eterogenea,10,518
0,train,533,0.7378806471824646,0.34337878227233887,16705,eterogenea,11,533
0,validation,158,0.05035795643925667,-54.62361145019531,16705,eterogenea,11,533
0,test_id,172,0.44019052386283875,-1592.925048828125,16705,eterogenea,11,533
0,test_ood,150,0.07630275189876556,-89.00906372070312,16705,eterogenea,11,533
1,train,533,0.8211107850074768,0.18689578771591187,16705,eterogenea,11,533
1,validation,158,0.038804735988378525,-32.02877426147461,16705,eterogenea,11,533
1,test_id,172,0.22505532205104828,-415.6439514160156,16705,eterogenea,11,533
1,test_ood,150,0.054974235594272614,-45.72230529785156,16705,eterogenea,11,533
2,train,533,0.7793064117431641,0.267581582069397,16705,eterogenea,11,533
2,validation,158,0.03044756129384041,-19.334243774414062,16705,eterogenea,11,533
2,test_id,172,0.28707730770111084,-676.9290161132812,16705,eterogenea,11,533
2,test_ood,150,0.029110504314303398,-12.10102653503418,16705,eterogenea,11,533
