seme,insieme,n_finestre,RMSE,SS,parametri,modello,n_blocchi,n_finestre_train
0,train,316,0.009124178439378738,0.14921170473098755,16705,GRU,2,316
0,validation,158,0.012259927578270435,-2.296847105026245,16705,GRU,2,316
0,test_id,172,0.02176726423203945,-2.8975725173950195,16705,GRU,2,316
0,test_ood,150,0.01740521751344204,-3.6834378242492676,16705,GRU,2,316
1,train,316,0.009650800377130508,0.04816722869873047,16705,GRU,2,316
1,validation,158,0.011226681061089039,-1.7645580768585205,16705,GRU,2,316
1,test_id,172,0.02833874709904194,-5.606140613555908,16705,GRU,2,316
1,test_ood,150,0.026615945622324944,-9.951906204223633,16705,GRU,2,316
2,train,316,0.009202361106872559,0.1345689296722412,16705,GRU,2,316
2,validation,158,0.008973296731710434,-0.7661479711532593,16705,GRU,2,316
2,test_id,172,0.01106630451977253,-0.007376313209533691,16705,GRU,2,316
2,test_ood,150,0.008368903771042824,-0.08278703689575195,16705,GRU,2,316
0,train,316,0.011103293858468533,-0.2599046230316162,9985,Transformer,2,316
0,validation,158,0.008948227390646935,-0.7562930583953857,9985,Transformer,2,316
0,test_id,172,0.028476236388087273,-5.67039680480957,9985,Transformer,2,316
0,test_ood,150,0.012481924146413803,-1.4086236953735352,9985,Transformer,2,316
1,train,316,0.07456228137016296,-55.81622314453125,9985,Transformer,2,316
1,validation,158,0.08050177246332169,-141.145751953125,9985,Transformer,2,316
1,test_id,172,0.1115160882472992,-101.29669189453125,9985,Transformer,2,316
1,test_ood,150,0.07269703596830368,-80.7032470703125,9985,Transformer,2,316
2,train,316,0.04557378962635994,-20.22580909729004,9985,Transformer,2,316
2,validation,158,0.05883510783314705,-74.9269790649414,9985,Transformer,2,316
2,test_id,172,0.0994865819811821,-80.41708374023438,9985,Transformer,2,316
2,test_ood,150,0.07932595908641815,-96.28291320800781,9985,Transformer,2,316
0,train,503,0.02755981683731079,0.09250015020370483,16705,GRU,3,503
0,validation,158,0.021643416956067085,-9.27483081817627,16705,GRU,3,503
0,test_id,172,0.05985508859157562,-28.470579147338867,16705,GRU,3,503
0,test_ood,150,0.030835185199975967,-13.699379920959473,16705,GRU,3,503
1,train,503,0.021544676274061203,0.4454076886177063,16705,GRU,3,503
1,validation,158,0.007878178730607033,-0.36136507987976074,16705,GRU,3,503
1,test_id,172,0.012512871995568275,-0.2879544496536255,16705,GRU,3,503
1,test_ood,150,0.01050908025354147,-0.7073999643325806,16705,GRU,3,503
2,train,503,0.021209778264164925,0.4625151753425598,16705,GRU,3,503
2,validation,158,0.007596446666866541,-0.26573848724365234,16705,GRU,3,503
2,test_id,172,0.011121049523353577,-0.017367959022521973,16705,GRU,3,503
2,test_ood,150,0.007887277752161026,0.03825455904006958,16705,GRU,3,503
0,train,503,0.029304787516593933,-0.02605605125427246,9985,Transformer,3,503
0,validation,158,0.01094928290694952,-1.6296281814575195,9985,Transformer,3,503
0,test_id,172,0.015027633868157864,-0.8576664924621582,9985,Transformer,3,503
0,test_ood,150,0.01109196338802576,-0.9020535945892334,9985,Transformer,3,503
1,train,503,0.0377325713634491,-0.7010878324508667,9985,Transformer,3,503
1,validation,158,0.01860468089580536,-6.592196464538574,9985,Transformer,3,503
1,test_id,172,0.0333678163588047,-8.158873558044434,9985,Transformer,3,503
1,test_ood,150,0.023149926215410233,-7.285240173339844,9985,Transformer,3,503
2,train,503,0.08310499042272568,-7.251789093017578,9985,Transformer,3,503
2,validation,158,0.04186446592211723,-37.44272232055664,9985,Transformer,3,503
2,test_id,172,0.06882403790950775,-37.96429443359375,9985,Transformer,3,503
2,test_ood,150,0.12933599948883057,-257.609619140625,9985,Transformer,3,503
0,train,674,0.02703065797686577,0.5448601245880127,16705,GRU,4,674
0,validation,158,0.007874942384660244,-0.3602468967437744,16705,GRU,4,674
0,test_id,172,0.05953706428408623,-28.158241271972656,16705,GRU,4,674
0,test_ood,150,0.01182750053703785,-1.1626780033111572,16705,GRU,4,674
1,train,674,0.029746364802122116,0.4488123655319214,16705,GRU,4,674
1,validation,158,0.010749280452728271,-1.5344383716583252,16705,GRU,4,674
1,test_id,172,0.014250027015805244,-0.6703901290893555,16705,GRU,4,674
1,test_ood,150,0.00997687503695488,-0.5388451814651489,16705,GRU,4,674
2,train,674,0.029330965131521225,0.46409928798675537,16705,GRU,4,674
2,validation,158,0.0066051241010427475,0.043059468269348145,16705,GRU,4,674
2,test_id,172,0.01937975361943245,-2.089462995529175,16705,GRU,4,674
2,test_ood,150,0.007742309011518955,0.07328355312347412,16705,GRU,4,674
0,train,674,0.04258421063423157,-0.12961089611053467,9985,Transformer,4,674
0,validation,158,0.00840265117585659,-0.5486583709716797,9985,Transformer,4,674
0,test_id,172,0.014998989179730415,-0.8505911827087402,9985,Transformer,4,674
0,test_ood,150,0.011008518747985363,-0.8735429048538208,9985,Transformer,4,674
1,train,674,0.04093889147043228,-0.04400789737701416,9985,Transformer,4,674
1,validation,158,0.009496165439486504,-0.9779691696166992,9985,Transformer,4,674
1,test_id,172,0.021652864292263985,-2.8567118644714355,9985,Transformer,4,674
1,test_ood,150,0.012676346115767956,-1.4842429161071777,9985,Transformer,4,674
2,train,674,0.10893628746271133,-6.392251968383789,9985,Transformer,4,674
2,validation,158,0.04167557880282402,-37.09660339355469,9985,Transformer,4,674
2,test_id,172,0.09853842109441757,-78.8725814819336,9985,Transformer,4,674
2,test_ood,150,0.14456230401992798,-322.0843811035156,9985,Transformer,4,674
0,train,860,0.02871181070804596,0.4792766571044922,16705,GRU,5,860
0,validation,158,0.007711058482527733,-0.30422043800354004,16705,GRU,5,860
0,test_id,172,0.02275642193853855,-3.2598519325256348,16705,GRU,5,860
0,test_ood,150,0.008023204281926155,0.004820108413696289,16705,GRU,5,860
1,train,860,0.02977522276341915,0.4399898648262024,16705,GRU,5,860
1,validation,158,0.006922199856489897,-0.05102062225341797,16705,GRU,5,860
1,test_id,172,0.013340791687369347,-0.46402907371520996,16705,GRU,5,860
1,test_ood,150,0.00851999968290329,-0.12223803997039795,16705,GRU,5,860
2,train,860,0.0316903181374073,0.3656351566314697,16705,GRU,5,860
2,validation,158,0.00667210528627038,0.02355283498764038,16705,GRU,5,860
2,test_id,172,0.015379311516880989,-0.9456303119659424,16705,GRU,5,860
2,test_ood,150,0.008815877139568329,-0.2015364170074463,16705,GRU,5,860
0,train,860,0.040953319519758224,-0.0594099760055542,9985,Transformer,5,860
0,validation,158,0.007903472520411015,-0.3701210021972656,9985,Transformer,5,860
0,test_id,172,0.016667550429701805,-1.2852308750152588,9985,Transformer,5,860
0,test_ood,150,0.014173630625009537,-2.1057612895965576,9985,Transformer,5,860
1,train,860,0.03321929648518562,0.3029455542564392,9985,Transformer,5,860
1,validation,158,0.006755036301910877,-0.0008715391159057617,9985,Transformer,5,860
1,test_id,172,0.017135484144091606,-1.4153454303741455,9985,Transformer,5,860
1,test_ood,150,0.009471031837165356,-0.38675737380981445,9985,Transformer,5,860
2,train,860,0.03845257684588432,0.0660216212272644,9985,Transformer,5,860
2,validation,158,0.007291274145245552,-0.16608405113220215,9985,Transformer,5,860
2,test_id,172,0.011923523619771004,-0.16948795318603516,9985,Transformer,5,860
2,test_ood,150,0.010733138769865036,-0.780981183052063,9985,Transformer,5,860
0,train,885,0.02992866560816765,0.41800832748413086,16705,GRU,6,885
0,validation,158,0.008348662406206131,-0.5288214683532715,16705,GRU,6,885
0,test_id,172,0.01153598167002201,-0.09470129013061523,16705,GRU,6,885
0,test_ood,150,0.008080584928393364,-0.009465575218200684,16705,GRU,6,885
1,train,885,0.029108533635735512,0.44946783781051636,16705,GRU,6,885
1,validation,158,0.006964579690247774,-0.06392931938171387,16705,GRU,6,885
1,test_id,172,0.016268162056803703,-1.177025556564331,16705,GRU,6,885
1,test_ood,150,0.008347569033503532,-0.07727336883544922,16705,GRU,6,885
2,train,885,0.028093472123146057,0.487194299697876,16705,GRU,6,885
2,validation,158,0.006583116482943296,0.049425721168518066,16705,GRU,6,885
2,test_id,172,0.026279844343662262,-4.681095123291016,16705,GRU,6,885
2,test_ood,150,0.008087383583188057,-0.01116478443145752,16705,GRU,6,885
0,train,885,0.037675101310014725,0.07774519920349121,9985,Transformer,6,885
0,validation,158,0.007119616027921438,-0.1118241548538208,9985,Transformer,6,885
0,test_id,172,0.011991730891168118,-0.1829061508178711,9985,Transformer,6,885
0,test_ood,150,0.007617889437824488,0.10282903909683228,9985,Transformer,6,885
1,train,885,0.037598397582769394,0.08149677515029907,9985,Transformer,6,885
1,validation,158,0.008021898567676544,-0.41148853302001953,9985,Transformer,6,885
1,test_id,172,0.014931517653167248,-0.8339793682098389,9985,Transformer,6,885
1,test_ood,150,0.00865358579903841,-0.1577054262161255,9985,Transformer,6,885
2,train,885,0.038147348910570145,0.054479897022247314,9985,Transformer,6,885
2,validation,158,0.008214575238525867,-0.48010730743408203,9985,Transformer,6,885
2,test_id,172,0.011889048852026463,-0.16273510456085205,9985,Transformer,6,885
2,test_ood,150,0.009025768376886845,-0.25943052768707275,9985,Transformer,6,885
