loss,mae,val_loss,val_mae,learning_rate,epoca,seme,modello
0.07880735397338867,0.1874171495437622,0.10885827988386154,0.2615172564983368,0.0010000000474974513,1,0,GRU
0.03470008447766304,0.1381065845489502,0.008463448844850063,0.06684045493602753,0.0010000000474974513,2,0,GRU
0.018270885571837425,0.10603250563144684,0.004916978534311056,0.05749480426311493,0.0010000000474974513,3,0,GRU
0.01214553415775299,0.08576563000679016,0.012305144220590591,0.08667528629302979,0.0010000000474974513,4,0,GRU
0.010526535101234913,0.07828166335821152,0.007026744075119495,0.06654024124145508,0.0010000000474974513,5,0,GRU
0.008786063641309738,0.06914261728525162,0.001404771232046187,0.03017153963446617,0.0010000000474974513,6,0,GRU
0.0071737635880708694,0.06285900622606277,0.0015502336900681257,0.03343723714351654,0.0010000000474974513,7,0,GRU
0.0053928629495203495,0.05556020140647888,0.0035932331811636686,0.048373088240623474,0.0010000000474974513,8,0,GRU
0.004688852000981569,0.051687709987163544,0.0026708818040788174,0.041050203144550323,0.0010000000474974513,9,0,GRU
0.004170265980064869,0.04817618802189827,0.0017702382756397128,0.03452789783477783,0.0010000000474974513,10,0,GRU
0.0038868060801178217,0.047271378338336945,0.002039644168689847,0.037658046931028366,0.0010000000474974513,11,0,GRU
0.0029248669743537903,0.04190606251358986,0.002337756799533963,0.039696939289569855,0.0010000000474974513,12,0,GRU
0.0035272391978651285,0.0448281429708004,0.0015963176265358925,0.033505987375974655,0.0010000000474974513,13,0,GRU
0.0025414603296667337,0.03864545375108719,0.0018291686428710818,0.037460584193468094,0.0010000000474974513,14,0,GRU
0.002873241202905774,0.04054088145494461,0.002033630618825555,0.040129970759153366,0.0010000000474974513,15,0,GRU
0.0025892751291394234,0.03872721269726753,0.0024402067065238953,0.04452989250421524,0.0010000000474974513,16,0,GRU
0.0028171150479465723,0.040128063410520554,0.001637748908251524,0.03557673841714859,0.0005000000237487257,17,0,GRU
0.0025257524102926254,0.03702496364712715,0.0014036125503480434,0.032691579312086105,0.0005000000237487257,18,0,GRU
0.002728938590735197,0.0392104871571064,0.001687825657427311,0.03672773763537407,0.0005000000237487257,19,0,GRU
0.0019140145741403103,0.034712035208940506,0.001954477746039629,0.040212422609329224,0.0005000000237487257,20,0,GRU
0.0022593659814447165,0.03643855080008507,0.0019807321950793266,0.04012084752321243,0.0005000000237487257,21,0,GRU
0.0022725386079400778,0.03615659847855568,0.0019424381898716092,0.039014749228954315,0.0005000000237487257,22,0,GRU
0.002356440294533968,0.0368289090692997,0.0014748014509677887,0.03346863016486168,0.0005000000237487257,23,0,GRU
0.0022556933108717203,0.035811033099889755,0.0009428177727386355,0.026212969794869423,0.0005000000237487257,24,0,GRU
0.0021824731957167387,0.035702239722013474,0.000908843707293272,0.02581661194562912,0.0005000000237487257,25,0,GRU
0.0019713188521564007,0.03336656838655472,0.0011012909235432744,0.028539765626192093,0.0005000000237487257,26,0,GRU
0.0020576580427587032,0.03432055935263634,0.0012306270655244589,0.030515121296048164,0.0005000000237487257,27,0,GRU
0.0018226330867037177,0.03284180536866188,0.0011914786882698536,0.0300314761698246,0.0005000000237487257,28,0,GRU
0.002063034800812602,0.0337100587785244,0.0012760877143591642,0.03131129592657089,0.0005000000237487257,29,0,GRU
0.0017312762793153524,0.031207673251628876,0.001169381313957274,0.029808461666107178,0.0005000000237487257,30,0,GRU
0.0018598060123622417,0.03354957327246666,0.001377304783090949,0.03214136138558388,0.0005000000237487257,31,0,GRU
0.001643636147491634,0.0315646268427372,0.001035976456478238,0.027800608426332474,0.0005000000237487257,32,0,GRU
0.0017675327835604548,0.0318886823952198,0.0010526902042329311,0.028197526931762695,0.0005000000237487257,33,0,GRU
0.001796922879293561,0.03214099630713463,0.0009706125711090863,0.026997053995728493,0.0005000000237487257,34,0,GRU
0.0016109420685097575,0.03137339651584625,0.0008295871666632593,0.02463573031127453,0.0002500000118743628,35,0,GRU
0.0015437719412147999,0.029437601566314697,0.0008392534800805151,0.024845188483595848,0.0002500000118743628,36,0,GRU
0.0016875209985300899,0.03106052614748478,0.0008598462445661426,0.025210978463292122,0.0002500000118743628,37,0,GRU
0.0015382834244519472,0.029014110565185547,0.0008893858175724745,0.025704286992549896,0.0002500000118743628,38,0,GRU
0.001575464615598321,0.02921021357178688,0.0010680872946977615,0.02861853502690792,0.0002500000118743628,39,0,GRU
0.001327578560449183,0.027047453448176384,0.0013278526021167636,0.03240880370140076,0.0002500000118743628,40,0,GRU
0.001490168389864266,0.02941163070499897,0.0012815905502066016,0.03202974796295166,0.0002500000118743628,41,0,GRU
0.0013539973879233003,0.028037071228027344,0.0012460059951990843,0.031452592462301254,0.0002500000118743628,42,0,GRU
0.0015131955733522773,0.029188787564635277,0.0011953803477808833,0.030732866376638412,0.0002500000118743628,43,0,GRU
0.0013195525389164686,0.02807246521115303,0.0010616391664370894,0.02870812639594078,0.0002500000118743628,44,0,GRU
0.0013788434443995357,0.028566556051373482,0.00103191623929888,0.02810562774538994,0.0002500000118743628,45,0,GRU
0.001279447111301124,0.026273099705576897,0.0009930642554536462,0.027435418218374252,0.0001250000059371814,46,0,GRU
0.0011964172590523958,0.026761187240481377,0.0009845050517469645,0.027386466041207314,0.0001250000059371814,47,0,GRU
0.0014638261636719108,0.029080765321850777,0.0009716851054690778,0.027286402881145477,0.0001250000059371814,48,0,GRU
0.0017574193188920617,0.031039247289299965,0.0010437776800245047,0.02859646826982498,0.0001250000059371814,49,0,GRU
0.0014544154983013868,0.028250597417354584,0.0012575275031849742,0.03205180913209915,0.0001250000059371814,50,0,GRU
0.0013303564628586173,0.028808725997805595,0.0012682623928412795,0.032223962247371674,0.0001250000059371814,51,0,GRU
0.0015188873512670398,0.030028196051716805,0.0011841889936476946,0.030991360545158386,0.0001250000059371814,52,0,GRU
0.0012996948789805174,0.02798572927713394,0.0010997384088113904,0.029635963961482048,0.0001250000059371814,53,0,GRU
0.00126349285710603,0.02751891501247883,0.0010800169548019767,0.02930528298020363,0.0001250000059371814,54,0,GRU
0.0012819477124139667,0.02640705741941929,0.0010355062549933791,0.02861882373690605,0.0001250000059371814,55,0,GRU
0.03170238807797432,0.13339942693710327,0.020272092893719673,0.12926559150218964,0.0010000000474974513,1,1,GRU
0.022440491244196892,0.11847875267267227,0.005797571502625942,0.06321188807487488,0.0010000000474974513,2,1,GRU
0.015070406720042229,0.09773382544517517,0.015305866487324238,0.1085965633392334,0.0010000000474974513,3,1,GRU
0.010606607422232628,0.08065634965896606,0.008705615997314453,0.07615462690591812,0.0010000000474974513,4,1,GRU
0.008247527293860912,0.07064502686262131,0.012076403014361858,0.09434271603822708,0.0010000000474974513,5,1,GRU
0.006941852159798145,0.06330167502164841,0.01379608828574419,0.0984056293964386,0.0010000000474974513,6,1,GRU
0.006853463593870401,0.06486348807811737,0.011810211464762688,0.09164857864379883,0.0010000000474974513,7,1,GRU
0.006089095491915941,0.06132328137755394,0.01225980930030346,0.09617628902196884,0.0010000000474974513,8,1,GRU
0.005255052354186773,0.054720014333724976,0.012870329432189465,0.09862913191318512,0.0010000000474974513,9,1,GRU
0.004278834443539381,0.05075513944029808,0.009124837815761566,0.0819072499871254,0.0010000000474974513,10,1,GRU
0.0036794038023799658,0.04777618125081062,0.00964201707392931,0.08206978440284729,0.0010000000474974513,11,1,GRU
0.004456553608179092,0.05283721536397934,0.007241915911436081,0.07262320071458817,0.0010000000474974513,12,1,GRU
0.0031874647829681635,0.04380276799201965,0.006887760479003191,0.07030752301216125,0.0005000000237487257,13,1,GRU
0.00276445341296494,0.03919035196304321,0.005977869965136051,0.06504464149475098,0.0005000000237487257,14,1,GRU
0.0031920140609145164,0.04457422345876694,0.004833910148590803,0.058283787220716476,0.0005000000237487257,15,1,GRU
0.002946873428300023,0.042484816163778305,0.00505839055404067,0.060422301292419434,0.0005000000237487257,16,1,GRU
0.003181602107360959,0.043260350823402405,0.006829933263361454,0.0729360282421112,0.0005000000237487257,17,1,GRU
0.002947035012766719,0.04201190173625946,0.005395217798650265,0.06320200115442276,0.0005000000237487257,18,1,GRU
0.0025068942923098803,0.04014085978269577,0.005951125640422106,0.06748071312904358,0.0005000000237487257,19,1,GRU
0.0027584258932620287,0.040688589215278625,0.005816199351102114,0.06599114835262299,0.0005000000237487257,20,1,GRU
0.00219607912003994,0.0366525873541832,0.005305981729179621,0.06222076714038849,0.0005000000237487257,21,1,GRU
0.0024086839985102415,0.03811003640294075,0.00620812876150012,0.06785421818494797,0.0005000000237487257,22,1,GRU
0.0020910229068249464,0.035519689321517944,0.006997354328632355,0.07327533513307571,0.0005000000237487257,23,1,GRU
0.0023462402168661356,0.03771946579217911,0.005783220753073692,0.06555049121379852,0.0005000000237487257,24,1,GRU
0.0021491278894245625,0.03558901324868202,0.0045541636645793915,0.05746990442276001,0.0005000000237487257,25,1,GRU
0.0027344312984496355,0.03816182538866997,0.00495633389800787,0.06026270240545273,0.0005000000237487257,26,1,GRU
0.002180972369387746,0.03555634617805481,0.005102913361042738,0.062360979616642,0.0005000000237487257,27,1,GRU
0.0019691616762429476,0.0342991016805172,0.005527021829038858,0.06542464345693588,0.0005000000237487257,28,1,GRU
0.0019205993739888072,0.03342248499393463,0.005243866238743067,0.0633542612195015,0.0005000000237487257,29,1,GRU
0.0020867600105702877,0.03565334156155586,0.004977147560566664,0.0615987554192543,0.0005000000237487257,30,1,GRU
0.002029293216764927,0.034467779099941254,0.004900416359305382,0.06146804615855217,0.0005000000237487257,31,1,GRU
0.0017553296638652682,0.03256981447339058,0.004835870582610369,0.06101104989647865,0.0005000000237487257,32,1,GRU
0.001783819287084043,0.032735198736190796,0.004096974618732929,0.05531651899218559,0.0005000000237487257,33,1,GRU
0.0019447156228125095,0.03362853452563286,0.00379169057123363,0.052680134773254395,0.0005000000237487257,34,1,GRU
0.0014986864989623427,0.02968074381351471,0.004225670360028744,0.05621429532766342,0.0005000000237487257,35,1,GRU
0.0017288083909079432,0.03235482797026634,0.004804233089089394,0.06120786815881729,0.0005000000237487257,36,1,GRU
0.0015925250481814146,0.031117400154471397,0.00410119816660881,0.055522654205560684,0.0005000000237487257,37,1,GRU
0.0015511028468608856,0.03051588498055935,0.003942239563912153,0.05478495731949806,0.0005000000237487257,38,1,GRU
0.001796392840333283,0.03263422101736069,0.003831594018265605,0.05386802926659584,0.0005000000237487257,39,1,GRU
0.0014442221727222204,0.029813865199685097,0.004118050914257765,0.05665477365255356,0.0005000000237487257,40,1,GRU
0.0013151145540177822,0.027990901842713356,0.0038058380596339703,0.053947996348142624,0.0005000000237487257,41,1,GRU
0.0017781081842258573,0.03024960123002529,0.004007668700069189,0.056026991456747055,0.0005000000237487257,42,1,GRU
0.0013165749842301011,0.028625093400478363,0.004143892787396908,0.05694471299648285,0.0005000000237487257,43,1,GRU
0.0013708201004192233,0.02870650589466095,0.0036522734444588423,0.052424851804971695,0.0005000000237487257,44,1,GRU
0.0012650532880797982,0.026875730603933334,0.003999950364232063,0.05631403997540474,0.0005000000237487257,45,1,GRU
0.001199193298816681,0.02581673115491867,0.003983710426837206,0.056664302945137024,0.0005000000237487257,46,1,GRU
0.0012623075162991881,0.0275138970464468,0.004448774270713329,0.06090753152966499,0.0005000000237487257,47,1,GRU
0.0013779710279777646,0.028434397652745247,0.0035772507544606924,0.0527985617518425,0.0005000000237487257,48,1,GRU
0.0011577196419239044,0.0265156589448452,0.0030636803712695837,0.047274909913539886,0.0005000000237487257,49,1,GRU
0.0012703359825536609,0.026857107877731323,0.0038371055852621794,0.05541533604264259,0.0005000000237487257,50,1,GRU
0.001458117039874196,0.0281840730458498,0.0035408195108175278,0.05278458073735237,0.0005000000237487257,51,1,GRU
0.0009888409404084086,0.024362988770008087,0.0025280469562858343,0.0411083959043026,0.0005000000237487257,52,1,GRU
0.0012560298200696707,0.027414603158831596,0.0032691729720681906,0.049778278917074203,0.0005000000237487257,53,1,GRU
0.0011440938105806708,0.025318937376141548,0.0031493082642555237,0.04954254627227783,0.0005000000237487257,54,1,GRU
0.0010494965827092528,0.024894798174500465,0.0022873010020703077,0.03999876230955124,0.0005000000237487257,55,1,GRU
0.0009995775762945414,0.025198567658662796,0.0022106491960585117,0.03902429714798927,0.0005000000237487257,56,1,GRU
0.0010702501749619842,0.025566017255187035,0.0026966496370732784,0.045354213565588,0.0005000000237487257,57,1,GRU
0.0009116862202063203,0.023831874132156372,0.00283369654789567,0.0465272031724453,0.0005000000237487257,58,1,GRU
0.0008123635780066252,0.021367322653532028,0.002632470102980733,0.04401179403066635,0.0005000000237487257,59,1,GRU
0.0010631674667820334,0.025262756273150444,0.002333781449124217,0.04103149473667145,0.0005000000237487257,60,1,GRU
0.00113380653783679,0.024597711861133575,0.0022817393764853477,0.04075424745678902,0.0005000000237487257,61,1,GRU
0.0009016137337312102,0.0229888204485178,0.0027135596610605717,0.04575502872467041,0.0005000000237487257,62,1,GRU
0.0009242146043106914,0.022832028567790985,0.0026070382446050644,0.04434899985790253,0.0005000000237487257,63,1,GRU
0.0009735471685416996,0.024798188358545303,0.002441894495859742,0.04298277571797371,0.0005000000237487257,64,1,GRU
0.0008177532581612468,0.02170407399535179,0.0022691611666232347,0.03980449587106705,0.0005000000237487257,65,1,GRU
0.000828672549687326,0.022113734856247902,0.0023421011865139008,0.041055552661418915,0.0002500000118743628,66,1,GRU
0.000923622923437506,0.02401573397219181,0.0023487638682127,0.04242406785488129,0.0002500000118743628,67,1,GRU
0.0008677412988618016,0.022571329027414322,0.0022992261219769716,0.04192836955189705,0.0002500000118743628,68,1,GRU
0.0010271483333781362,0.023712217807769775,0.0024137571454048157,0.042995430529117584,0.0002500000118743628,69,1,GRU
0.0007819028105586767,0.021483300253748894,0.00257603800855577,0.04428589344024658,0.0002500000118743628,70,1,GRU
0.0008983131847344339,0.021926237270236015,0.002302565611898899,0.041037704795598984,0.0002500000118743628,71,1,GRU
0.0007144050323404372,0.019661186262965202,0.002346881665289402,0.041713058948516846,0.0002500000118743628,72,1,GRU
0.000802784226834774,0.02142479084432125,0.0024154793936759233,0.0428452305495739,0.0002500000118743628,73,1,GRU
0.0007887277170084417,0.021389877423644066,0.00250417971983552,0.04432286322116852,0.0002500000118743628,74,1,GRU
0.0007424221839755774,0.020728465169668198,0.0026884491089731455,0.04644250124692917,0.0002500000118743628,75,1,GRU
0.0008408566936850548,0.02235111966729164,0.0025770748034119606,0.04528084397315979,0.0001250000059371814,76,1,GRU
0.10021962225437164,0.22841984033584595,0.007640613708645105,0.07326126098632812,0.0010000000474974513,1,2,GRU
0.01913926936686039,0.10918374359607697,0.012083428911864758,0.08302951604127884,0.0010000000474974513,2,2,GRU
0.015508349984884262,0.09791405498981476,0.031735096126794815,0.1369655877351761,0.0010000000474974513,3,2,GRU
0.010802753269672394,0.08287583291530609,0.011490042321383953,0.07919811457395554,0.0010000000474974513,4,2,GRU
0.007679682690650225,0.06884778290987015,0.015487385913729668,0.10066580772399902,0.0010000000474974513,5,2,GRU
0.007745489943772554,0.06857787072658539,0.016708390787243843,0.10734143108129501,0.0010000000474974513,6,2,GRU
0.007230446208268404,0.06673741340637207,0.012280714698135853,0.08903083950281143,0.0010000000474974513,7,2,GRU
0.005577730014920235,0.05738139897584915,0.013062438927590847,0.09552349895238876,0.0010000000474974513,8,2,GRU
0.00487690232694149,0.05424276366829872,0.011033523827791214,0.08955757319927216,0.0010000000474974513,9,2,GRU
0.005039758514612913,0.05503888055682182,0.007521584630012512,0.07058621942996979,0.0010000000474974513,10,2,GRU
0.004615571815520525,0.05121821537613869,0.007146049290895462,0.06664158403873444,0.0010000000474974513,11,2,GRU
0.004241722170263529,0.050795312970876694,0.013498743996024132,0.09499932080507278,0.0010000000474974513,12,2,GRU
0.004153482150286436,0.049296434968709946,0.009973054751753807,0.07723080366849899,0.0010000000474974513,13,2,GRU
0.004207743797451258,0.050738606601953506,0.010872849263250828,0.07945682853460312,0.0010000000474974513,14,2,GRU
0.003190952353179455,0.04156329482793808,0.007295132614672184,0.06750692427158356,0.0010000000474974513,15,2,GRU
0.0025932611897587776,0.04017264023423195,0.007392918691039085,0.0682913139462471,0.0010000000474974513,16,2,GRU
0.002647701185196638,0.03970103710889816,0.006752555724233389,0.06434956938028336,0.0010000000474974513,17,2,GRU
0.002508991863578558,0.03876261040568352,0.006479526404291391,0.0630054846405983,0.0010000000474974513,18,2,GRU
0.002205820055678487,0.03675846382975578,0.006232116371393204,0.06193019077181816,0.0010000000474974513,19,2,GRU
0.0021663233637809753,0.03599162772297859,0.004214137326925993,0.0508701354265213,0.0010000000474974513,20,2,GRU
0.001827611238695681,0.0323798805475235,0.004078189376741648,0.050468817353248596,0.0010000000474974513,21,2,GRU
0.0017378795892000198,0.03200310841202736,0.0046441685408353806,0.053899940103292465,0.0010000000474974513,22,2,GRU
0.0016031027771532536,0.03116503171622753,0.005068781320005655,0.05648316442966461,0.0010000000474974513,23,2,GRU
0.0016633234918117523,0.031395383179187775,0.0041869571432471275,0.05091242864727974,0.0010000000474974513,24,2,GRU
0.0016333041712641716,0.030798016116023064,0.004846140276640654,0.0544549897313118,0.0010000000474974513,25,2,GRU
0.001611191313713789,0.03135045990347862,0.004991935100406408,0.05466752126812935,0.0010000000474974513,26,2,GRU
0.0016037550522014499,0.03161761909723282,0.00452423607930541,0.05253570154309273,0.0010000000474974513,27,2,GRU
0.0011723206844180822,0.02603086270391941,0.004009179305285215,0.0501582995057106,0.0010000000474974513,28,2,GRU
0.001460182131268084,0.03010481782257557,0.003093478735536337,0.0439494289457798,0.0010000000474974513,29,2,GRU
0.0010737498523667455,0.024789370596408844,0.0026872362941503525,0.040534812957048416,0.0010000000474974513,30,2,GRU
0.0010169767774641514,0.024872804060578346,0.0023726816289126873,0.03780048340559006,0.0010000000474974513,31,2,GRU
0.0011294729774817824,0.024874074384570122,0.0024655053857713938,0.03840891644358635,0.0010000000474974513,32,2,GRU
0.0014446709537878633,0.027306867763400078,0.0022549177519977093,0.036603156477212906,0.0010000000474974513,33,2,GRU
0.0010897876927629113,0.025894895195961,0.002341493498533964,0.037645790725946426,0.0010000000474974513,34,2,GRU
0.0010671778582036495,0.02449863776564598,0.0018642909126356244,0.03334994986653328,0.0010000000474974513,35,2,GRU
0.0011706276563927531,0.025710027664899826,0.0017469750018790364,0.03210296481847763,0.0010000000474974513,36,2,GRU
0.0009128129458986223,0.02335040457546711,0.0017801565118134022,0.032274361699819565,0.0010000000474974513,37,2,GRU
0.0007732182857580483,0.02039516158401966,0.0013998831855133176,0.02909460850059986,0.0010000000474974513,38,2,GRU
0.0009943809127435088,0.023015126585960388,0.0014657663414254785,0.030277345329523087,0.0010000000474974513,39,2,GRU
0.0007544868858531117,0.021539021283388138,0.0017048409208655357,0.03255263715982437,0.0010000000474974513,40,2,GRU
0.0008471490000374615,0.021712305024266243,0.0017013708129525185,0.03224041685461998,0.0010000000474974513,41,2,GRU
0.0008745526429265738,0.02224293164908886,0.0016856385627761483,0.03202848136425018,0.0010000000474974513,42,2,GRU
0.0007570904563181102,0.021555189043283463,0.0014906969154253602,0.030166614800691605,0.0010000000474974513,43,2,GRU
0.0006851840880699456,0.01948256604373455,0.0014781452482566237,0.02998020127415657,0.0010000000474974513,44,2,GRU
0.000810163386631757,0.021564336493611336,0.0016463079955428839,0.03148847818374634,0.0010000000474974513,45,2,GRU
0.0007345001213252544,0.019725609570741653,0.0015138817252591252,0.030110830441117287,0.0010000000474974513,46,2,GRU
0.0006963486084714532,0.019739273935556412,0.0012961236061528325,0.02850443124771118,0.0010000000474974513,47,2,GRU
0.0006304775015451014,0.01905040256679058,0.0012992044212296605,0.028597017750144005,0.0010000000474974513,48,2,GRU
0.0006567366071976721,0.019203197211027145,0.0013486412353813648,0.02869340404868126,0.0010000000474974513,49,2,GRU
0.0005572236841544509,0.01792435348033905,0.0012365382863208652,0.0276646725833416,0.0010000000474974513,50,2,GRU
0.0006138577009551227,0.01788615807890892,0.0014167556073516607,0.028786445036530495,0.0010000000474974513,51,2,GRU
0.0007077233167365193,0.019735755398869514,0.00125696265604347,0.027463115751743317,0.0010000000474974513,52,2,GRU
0.0005308852414600551,0.01712600514292717,0.001169780152849853,0.02679372765123844,0.0010000000474974513,53,2,GRU
0.0005192565731704235,0.017139649018645287,0.00139788503292948,0.028425514698028564,0.0010000000474974513,54,2,GRU
0.0005548542831093073,0.01713820919394493,0.0013094815658405423,0.0277366042137146,0.0010000000474974513,55,2,GRU
0.0005168488132767379,0.01660737209022045,0.0011744473595172167,0.026304541155695915,0.0010000000474974513,56,2,GRU
0.00045323825906962156,0.01593303307890892,0.0011275318684056401,0.025594258680939674,0.0010000000474974513,57,2,GRU
0.0005794002208858728,0.017577068880200386,0.0010937937768176198,0.02517271414399147,0.0010000000474974513,58,2,GRU
0.0005245140055194497,0.016749635338783264,0.0010817073052749038,0.025441978126764297,0.0010000000474974513,59,2,GRU
0.0004552472091745585,0.01625409908592701,0.0010690049966797233,0.02551029622554779,0.0010000000474974513,60,2,GRU
0.0004604482383001596,0.015413498505949974,0.0011577112600207329,0.026354994624853134,0.0010000000474974513,61,2,GRU
0.0005023974808864295,0.016720818355679512,0.0010521543445065618,0.02578447200357914,0.0010000000474974513,62,2,GRU
0.0003922504838556051,0.014977516606450081,0.0010181518737226725,0.02541736327111721,0.0010000000474974513,63,2,GRU
0.00044595988583751023,0.015553576871752739,0.0010523009113967419,0.025572016835212708,0.0010000000474974513,64,2,GRU
0.0004305860202293843,0.015480373054742813,0.0010745746549218893,0.025582611560821533,0.0010000000474974513,65,2,GRU
0.0004014811711385846,0.014647500589489937,0.001083308714441955,0.025731105357408524,0.0010000000474974513,66,2,GRU
0.00039976948755793273,0.015054174698889256,0.0010789763182401657,0.02560240402817726,0.0010000000474974513,67,2,GRU
0.00030100971343927085,0.013136877678334713,0.0010256175883114338,0.025211790576577187,0.0010000000474974513,68,2,GRU
0.0003950704413000494,0.014404910616576672,0.0009820908308029175,0.0247818473726511,0.0010000000474974513,69,2,GRU
0.00033727585105225444,0.013481439091265202,0.0009451076621189713,0.024311630055308342,0.0010000000474974513,70,2,GRU
0.00036064081359654665,0.014031550846993923,0.000894318160135299,0.02363402396440506,0.0010000000474974513,71,2,GRU
0.0003630065475590527,0.013750524260103703,0.0008566435426473618,0.023471254855394363,0.0010000000474974513,72,2,GRU
0.00035128925810568035,0.013614367693662643,0.0008352958247996867,0.023329362273216248,0.0010000000474974513,73,2,GRU
0.0003421966393943876,0.013327355496585369,0.0008550086640752852,0.023440377786755562,0.0010000000474974513,74,2,GRU
0.00042795928311534226,0.014560163952410221,0.0009087660582736135,0.023868843913078308,0.0010000000474974513,75,2,GRU
0.0003307502483949065,0.013350153341889381,0.0008609703509137034,0.023427817970514297,0.0010000000474974513,76,2,GRU
0.0003227386041544378,0.012779124081134796,0.0007671940256841481,0.02241341955959797,0.0010000000474974513,77,2,GRU
0.00033888747566379607,0.013907636515796185,0.0007332588429562747,0.021781254559755325,0.0010000000474974513,78,2,GRU
0.00028145869146101177,0.012138400226831436,0.0006953364936634898,0.021178677678108215,0.0010000000474974513,79,2,GRU
0.0003341483825352043,0.01339358277618885,0.0006686588749289513,0.020980169996619225,0.0010000000474974513,80,2,GRU
0.00032025165273807943,0.01284718792885542,0.0007214769721031189,0.021517904475331306,0.0010000000474974513,81,2,GRU
0.0002627941721584648,0.011765514500439167,0.0006904312176629901,0.02130897529423237,0.0010000000474974513,82,2,GRU
0.00035177255631424487,0.013260089792311192,0.0006731526227667928,0.020693549886345863,0.0010000000474974513,83,2,GRU
0.0002593655663076788,0.01196911558508873,0.000709432119037956,0.02101532369852066,0.0010000000474974513,84,2,GRU
0.00027336651692166924,0.011926102451980114,0.0007825936190783978,0.021474434062838554,0.0010000000474974513,85,2,GRU
0.0003473251417744905,0.012951408512890339,0.000658493721857667,0.019985491409897804,0.0010000000474974513,86,2,GRU
0.0003002979210577905,0.012838004156947136,0.0005625410121865571,0.01862930692732334,0.0010000000474974513,87,2,GRU
0.00029512873152270913,0.012435696087777615,0.0005812857416458428,0.019018929451704025,0.0010000000474974513,88,2,GRU
0.000268186820903793,0.012265955097973347,0.000611909490544349,0.019419042393565178,0.0010000000474974513,89,2,GRU
0.0002414139307802543,0.011418456211686134,0.0006481741438619792,0.019702622666954994,0.0010000000474974513,90,2,GRU
0.00024413158826064318,0.011485518887639046,0.0006284416886046529,0.01946406625211239,0.0010000000474974513,91,2,GRU
0.0002752467116806656,0.011530307121574879,0.0005407565622590482,0.01842726394534111,0.0010000000474974513,92,2,GRU
0.0002963897422887385,0.011846077628433704,0.0005219129379838705,0.01808592863380909,0.0010000000474974513,93,2,GRU
0.00025766209000721574,0.011535799130797386,0.0005152627127245069,0.017918631434440613,0.0010000000474974513,94,2,GRU
0.00024013419169932604,0.011063705198466778,0.0005537103861570358,0.01841551810503006,0.0010000000474974513,95,2,GRU
0.00025553302839398384,0.011004652827978134,0.0005873322952538729,0.018863752484321594,0.0010000000474974513,96,2,GRU
0.00025239010574296117,0.011434863321483135,0.0005941083654761314,0.019019993022084236,0.0010000000474974513,97,2,GRU
0.00026086525758728385,0.010979067534208298,0.0005815583281219006,0.01880795508623123,0.0005000000237487257,98,2,GRU
0.0002373158495174721,0.01062124315649271,0.0005597429117187858,0.018513912335038185,0.0005000000237487257,99,2,GRU
0.000199043657630682,0.01026010513305664,0.0005866847350262105,0.01892024278640747,0.0005000000237487257,100,2,GRU
0.00024069202481769025,0.011085429228842258,0.0006180622731335461,0.019377460703253746,0.0005000000237487257,101,2,GRU
0.0002166568738175556,0.010087944567203522,0.0006014459067955613,0.01912473514676094,0.0005000000237487257,102,2,GRU
0.00020622689044103026,0.010424270294606686,0.0005991304642520845,0.019056959077715874,0.0005000000237487257,103,2,GRU
0.00022093647567089647,0.010588857345283031,0.0006164629594422877,0.01928059011697769,0.0005000000237487257,104,2,GRU
0.00019742987933568656,0.010086961090564728,0.0005922025884501636,0.018926793709397316,0.0005000000237487257,105,2,GRU
0.00021198535978328437,0.01017286628484726,0.0005945467855781317,0.018928401172161102,0.0005000000237487257,106,2,GRU
0.00020736661099363118,0.010185097344219685,0.0005569379427470267,0.018358489498496056,0.0005000000237487257,107,2,GRU
0.00023384354426525533,0.011017034761607647,0.000560197455342859,0.018406687304377556,0.0002500000118743628,108,2,GRU
0.00020062498515471816,0.009861812926828861,0.000560567423235625,0.01842372678220272,0.0002500000118743628,109,2,GRU
0.000248139287577942,0.010863406583666801,0.000556110986508429,0.018359383568167686,0.0002500000118743628,110,2,GRU
0.00022196720237843692,0.010409051552414894,0.0005598014104180038,0.018421605229377747,0.0002500000118743628,111,2,GRU
0.00018377695232629776,0.009690464474260807,0.0005476997466757894,0.01823986880481243,0.0002500000118743628,112,2,GRU
0.00024720700457692146,0.010693917982280254,0.0005243791383691132,0.017882531508803368,0.0002500000118743628,113,2,GRU
0.0001987232535611838,0.010001054033637047,0.0005174573743715882,0.01776609942317009,0.0002500000118743628,114,2,GRU
0.03215019032359123,0.13783037662506104,0.021111827343702316,0.12048628181219101,0.0010000000474974513,1,3,GRU
0.02264774590730667,0.11562847346067429,0.019671358168125153,0.11152049154043198,0.0010000000474974513,2,3,GRU
0.011065619997680187,0.0826035663485527,0.006162551231682301,0.061526745557785034,0.0010000000474974513,3,3,GRU
0.009746607393026352,0.07825106382369995,0.008134453557431698,0.07336554676294327,0.0010000000474974513,4,3,GRU
0.007014535833150148,0.06537551432847977,0.0037367320619523525,0.04892643913626671,0.0010000000474974513,5,3,GRU
0.007172010373324156,0.06489536166191101,0.003938624635338783,0.05199217423796654,0.0010000000474974513,6,3,GRU
0.005157387349754572,0.05580691993236542,0.005172790493816137,0.062136173248291016,0.0010000000474974513,7,3,GRU
0.004980257712304592,0.055423520505428314,0.0031139515340328217,0.04580949991941452,0.0010000000474974513,8,3,GRU
0.003770973067730665,0.047485917806625366,0.0033675930462777615,0.049013834446668625,0.0010000000474974513,9,3,GRU
0.0038935269694775343,0.04849168285727501,0.003178683342412114,0.04723809286952019,0.0010000000474974513,10,3,GRU
0.0032123818527907133,0.04430988058447838,0.0024525965563952923,0.04091818258166313,0.0010000000474974513,11,3,GRU
0.0031991060823202133,0.046155884861946106,0.00209556776098907,0.0373399518430233,0.0010000000474974513,12,3,GRU
0.0028403797186911106,0.04224803298711777,0.0029932125471532345,0.04594476521015167,0.0010000000474974513,13,3,GRU
0.002639363519847393,0.04016768932342529,0.0019364383770152926,0.03533262759447098,0.0010000000474974513,14,3,GRU
0.0024068469647318125,0.03875395283102989,0.002363588660955429,0.04015296325087547,0.0010000000474974513,15,3,GRU
0.0022282972931861877,0.036605656147003174,0.0024824405554682016,0.041394397616386414,0.0010000000474974513,16,3,GRU
0.0018419042462483048,0.03473515436053276,0.0025724037550389767,0.04396318644285202,0.0010000000474974513,17,3,GRU
0.001930827391333878,0.03448527678847313,0.0025562916416674852,0.0434015654027462,0.0010000000474974513,18,3,GRU
0.0018353131599724293,0.03348686546087265,0.0021332898177206516,0.03847173601388931,0.0010000000474974513,19,3,GRU
0.0020059708040207624,0.03362155705690384,0.0018044841708615422,0.03441983461380005,0.0010000000474974513,20,3,GRU
0.0016285628080368042,0.031515445560216904,0.001876362948678434,0.03566425293684006,0.0010000000474974513,21,3,GRU
0.0016239762771874666,0.03135757893323898,0.0015768138691782951,0.03166158124804497,0.0010000000474974513,22,3,GRU
0.001435696380212903,0.030078206211328506,0.0016878294991329312,0.03286750614643097,0.0010000000474974513,23,3,GRU
0.001585394493304193,0.03073757141828537,0.0019009204115718603,0.0350533202290535,0.0010000000474974513,24,3,GRU
0.0015450293431058526,0.029557300731539726,0.001519477809779346,0.03149617835879326,0.0010000000474974513,25,3,GRU
0.0013509370619431138,0.02895655855536461,0.002490599872544408,0.04166103154420853,0.0010000000474974513,26,3,GRU
0.0012004419695585966,0.02691533975303173,0.0017287898808717728,0.03393714129924774,0.0010000000474974513,27,3,GRU
0.0013039271580055356,0.026987023651599884,0.0016215699724853039,0.03329688310623169,0.0010000000474974513,28,3,GRU
0.0009774384088814259,0.024756530299782753,0.0013343828031793237,0.02955503761768341,0.0010000000474974513,29,3,GRU
0.0011877918150275946,0.025174414739012718,0.0009943584445863962,0.025851469486951828,0.0010000000474974513,30,3,GRU
0.0009984811767935753,0.02434450387954712,0.001298289280384779,0.029760584235191345,0.0010000000474974513,31,3,GRU
0.000938225188292563,0.023502115160226822,0.0012299594236537814,0.029106616973876953,0.0010000000474974513,32,3,GRU
0.0011330244597047567,0.02504834346473217,0.0011952974600717425,0.02842673845589161,0.0010000000474974513,33,3,GRU
0.0009217295446433127,0.022369874641299248,0.0009094286942854524,0.025374671444296837,0.0010000000474974513,34,3,GRU
0.000881976739037782,0.021672571077942848,0.0007551447488367558,0.02253209613263607,0.0010000000474974513,35,3,GRU
0.0008906206930987537,0.022791214287281036,0.0006879189168103039,0.02143923193216324,0.0010000000474974513,36,3,GRU
0.0008447217405773699,0.0215873084962368,0.0006622300716117024,0.02120935544371605,0.0010000000474974513,37,3,GRU
0.000785341311711818,0.022164510563015938,0.0006268869619816542,0.020990964025259018,0.0010000000474974513,38,3,GRU
0.0008136444957926869,0.021064603701233864,0.0006303166737779975,0.021155040711164474,0.0010000000474974513,39,3,GRU
0.0006571011035703123,0.018815243616700172,0.0005961127462796867,0.02033565565943718,0.0010000000474974513,40,3,GRU
0.0007217915845103562,0.019794443622231483,0.0006153053254820406,0.02000430040061474,0.0010000000474974513,41,3,GRU
0.0006304276757873595,0.01916349120438099,0.0005467978771775961,0.018874408677220345,0.0010000000474974513,42,3,GRU
0.0005720857880078256,0.018067967146635056,0.0005395859479904175,0.018966594710946083,0.0010000000474974513,43,3,GRU
0.0005801497609354556,0.018421359360218048,0.0005352734588086605,0.018779331818223,0.0010000000474974513,44,3,GRU
0.0005027911392971873,0.017022252082824707,0.0005278043099679053,0.018416915088891983,0.0010000000474974513,45,3,GRU
0.0005203153705224395,0.01803722232580185,0.00048470214824192226,0.017738327383995056,0.0010000000474974513,46,3,GRU
0.0005436803912743926,0.01734459586441517,0.00047447942779399455,0.017427336424589157,0.0010000000474974513,47,3,GRU
0.0006146225496195257,0.018672438338398933,0.0005134937819093466,0.018039442598819733,0.0010000000474974513,48,3,GRU
0.0005353673477657139,0.01714339666068554,0.0005219781887717545,0.018364286050200462,0.0010000000474974513,49,3,GRU
0.0004770967352669686,0.016368277370929718,0.0005280731711536646,0.018019283190369606,0.0010000000474974513,50,3,GRU
0.0006047093193046749,0.01717255637049675,0.0005036697839386761,0.0175018347799778,0.0010000000474974513,51,3,GRU
0.00043230634764768183,0.015293210744857788,0.0006129398243501782,0.019731398671865463,0.0010000000474974513,52,3,GRU
0.00043438002467155457,0.015259120613336563,0.0006156228482723236,0.01946086250245571,0.0010000000474974513,53,3,GRU
0.00047928126878105104,0.016514217481017113,0.0007036305614747107,0.020966801792383194,0.0010000000474974513,54,3,GRU
0.00045280749327503145,0.01583966612815857,0.000606043788138777,0.01885509304702282,0.0010000000474974513,55,3,GRU
0.00044595703366212547,0.015332350507378578,0.0005898308590985835,0.01877550035715103,0.0010000000474974513,56,3,GRU
0.00040322565473616123,0.01447081845253706,0.0006440154393203557,0.019656360149383545,0.0005000000237487257,57,3,GRU
0.0004453552537597716,0.01589909940958023,0.0005457107326947153,0.017847245559096336,0.0005000000237487257,58,3,GRU
0.00040443232865072787,0.015065163373947144,0.0005553867667913437,0.018002843484282494,0.0005000000237487257,59,3,GRU
0.0003914154367521405,0.014806557446718216,0.0005189713556319475,0.0174417607486248,0.0005000000237487257,60,3,GRU
0.00033630942925810814,0.013806046918034554,0.00042312100413255394,0.015814371407032013,0.0005000000237487257,61,3,GRU
0.00040063628694042563,0.015194717794656754,0.0004103791725356132,0.01582213304936886,0.0005000000237487257,62,3,GRU
0.00031430748640559614,0.012885507196187973,0.0004419499891810119,0.016256948933005333,0.0005000000237487257,63,3,GRU
0.0003269273438490927,0.013665938749909401,0.0004239763366058469,0.015986662358045578,0.0005000000237487257,64,3,GRU
0.0003144472138956189,0.013616794720292091,0.000421154429204762,0.01589141972362995,0.0005000000237487257,65,3,GRU
0.00040730182081460953,0.015184509567916393,0.00044712304952554405,0.016274407505989075,0.0005000000237487257,66,3,GRU
0.0003797501849476248,0.013813347555696964,0.00044997507939115167,0.01638144440948963,0.0002500000118743628,67,3,GRU
0.0003114726860076189,0.01377820037305355,0.0004411152040120214,0.016253316774964333,0.0002500000118743628,68,3,GRU
0.00034095236333087087,0.01320590265095234,0.0004119035438634455,0.015732580795884132,0.0002500000118743628,69,3,GRU
0.00031602184753865004,0.012889794073998928,0.000410309323342517,0.015677297487854958,0.0002500000118743628,70,3,GRU
0.00033058691769838333,0.013581686653196812,0.00044946325942873955,0.01623411476612091,0.0002500000118743628,71,3,GRU
0.00037368523771874607,0.013920767232775688,0.0004557156062219292,0.016286972910165787,0.0002500000118743628,72,3,GRU
0.00033785621053539217,0.014123125933110714,0.00046467120409943163,0.01635783165693283,0.0002500000118743628,73,3,GRU
0.0003162081411574036,0.013420628383755684,0.00048090252676047385,0.016617676243185997,0.0002500000118743628,74,3,GRU
0.00032157578971236944,0.01273850817233324,0.00041313894325867295,0.015524076297879219,0.0002500000118743628,75,3,GRU
0.00033694240846671164,0.013363001868128777,0.00038401316851377487,0.015077277086675167,0.0002500000118743628,76,3,GRU
0.0003500749298837036,0.012960921041667461,0.00040564106893725693,0.015513882040977478,0.0002500000118743628,77,3,GRU
0.0003675591142382473,0.014164340682327747,0.0004212706407997757,0.015823494642972946,0.0002500000118743628,78,3,GRU
0.00036665258812718093,0.013486653566360474,0.00041623564902693033,0.015811612829566002,0.0002500000118743628,79,3,GRU
0.0003773556381929666,0.013688009232282639,0.0004396704607643187,0.016278691589832306,0.0002500000118743628,80,3,GRU
0.00032318796729668975,0.013183613307774067,0.0004305515030864626,0.016048092395067215,0.0002500000118743628,81,3,GRU
0.00029835867462679744,0.01275779027491808,0.00043473741970956326,0.016078846529126167,0.0002500000118743628,82,3,GRU
0.0003485793131403625,0.013776416890323162,0.00044956020428799093,0.016322320327162743,0.0002500000118743628,83,3,GRU
0.00029885227559134364,0.012966849841177464,0.00048312850412912667,0.016939997673034668,0.0002500000118743628,84,3,GRU
0.00031093944562599063,0.013130334205925465,0.00045660336036235094,0.016546349972486496,0.0002500000118743628,85,3,GRU
0.0002906575973611325,0.012514850124716759,0.0004243298899382353,0.01601259410381317,0.0002500000118743628,86,3,GRU
0.0003412762307561934,0.013711218722164631,0.0004210007027722895,0.015923598781228065,0.0001250000059371814,87,3,GRU
0.00030715923639945686,0.013031146489083767,0.0004456544993445277,0.016313299536705017,0.0001250000059371814,88,3,GRU
0.00030162421171553433,0.0128847137093544,0.0004984434926882386,0.017145685851573944,0.0001250000059371814,89,3,GRU
0.00027925672475248575,0.012298082001507282,0.0005114671657793224,0.01735919527709484,0.0001250000059371814,90,3,GRU
0.0003322782868053764,0.013674268499016762,0.0004894842859357595,0.01691141352057457,0.0001250000059371814,91,3,GRU
0.00032614817610010505,0.013523994013667107,0.00046225194819271564,0.016421811655163765,0.0001250000059371814,92,3,GRU
0.0002660321188159287,0.012212634086608887,0.0004448081599548459,0.016162380576133728,0.0001250000059371814,93,3,GRU
0.0002859961532521993,0.012284809723496437,0.0004453165747690946,0.016200538724660873,0.0001250000059371814,94,3,GRU
0.00032036894117482007,0.013041775673627853,0.000436606613220647,0.016051873564720154,0.0001250000059371814,95,3,GRU
0.00034225868876092136,0.013304488733410835,0.00044126177090220153,0.016105053946375847,0.0001250000059371814,96,3,GRU
0.03341439366340637,0.13542604446411133,0.013001532293856144,0.09354481846094131,0.0010000000474974513,1,4,GRU
0.018370764330029488,0.10087791085243225,0.00849762000143528,0.07949370890855789,0.0010000000474974513,2,4,GRU
0.008856001310050488,0.07088258117437363,0.004030878655612469,0.051845237612724304,0.0010000000474974513,3,4,GRU
0.007537278812378645,0.06486637890338898,0.0050860182382166386,0.055703047662973404,0.0010000000474974513,4,4,GRU
0.006279796361923218,0.056289058178663254,0.0019312580116093159,0.0338328592479229,0.0010000000474974513,5,4,GRU
0.005066626705229282,0.05215916410088539,0.001873870030976832,0.0327911376953125,0.0010000000474974513,6,4,GRU
0.00473391218110919,0.05149543285369873,0.00288543663918972,0.04440600797533989,0.0010000000474974513,7,4,GRU
0.0038012114819139242,0.04690861701965332,0.0024329591542482376,0.04071701690554619,0.0010000000474974513,8,4,GRU
0.0031409040093421936,0.04205665737390518,0.0019355261465534568,0.033876340836286545,0.0010000000474974513,9,4,GRU
0.0032966150902211666,0.04158365726470947,0.003162527456879616,0.045128535479307175,0.0010000000474974513,10,4,GRU
0.0029252399690449238,0.04042012616991997,0.0023033872712403536,0.03714164346456528,0.0010000000474974513,11,4,GRU
0.002564102178439498,0.038183730095624924,0.0017008762806653976,0.0312940776348114,0.0010000000474974513,12,4,GRU
0.0025384947657585144,0.03615675866603851,0.0017852428136393428,0.03313106298446655,0.0010000000474974513,13,4,GRU
0.0023830083664506674,0.036325059831142426,0.001612578984349966,0.031092800199985504,0.0010000000474974513,14,4,GRU
0.0018090845551341772,0.03155514970421791,0.0023405442479997873,0.037798959761857986,0.0010000000474974513,15,4,GRU
0.0018763660918921232,0.031245144084095955,0.0025616809725761414,0.03972899913787842,0.0010000000474974513,16,4,GRU
0.0014050282770767808,0.028501257300376892,0.0017789301928132772,0.03267492353916168,0.0010000000474974513,17,4,GRU
0.0017436012858524919,0.029919395223259926,0.0016479535261169076,0.03161810711026192,0.0010000000474974513,18,4,GRU
0.0013375424314290285,0.027882110327482224,0.0017225093906745315,0.03207061439752579,0.0010000000474974513,19,4,GRU
0.0014872364699840546,0.027553262189030647,0.001765668042935431,0.03241978585720062,0.0010000000474974513,20,4,GRU
0.0013055388117209077,0.025244923308491707,0.0014234535628929734,0.028585083782672882,0.0010000000474974513,21,4,GRU
0.001402193447574973,0.026505855843424797,0.0011948191095143557,0.026835834607481956,0.0010000000474974513,22,4,GRU
0.0011214085388928652,0.024669770151376724,0.0006938999867998064,0.02016904391348362,0.0010000000474974513,23,4,GRU
0.0011282997438684106,0.023534554988145828,0.001152884098701179,0.026582229882478714,0.0010000000474974513,24,4,GRU
0.0013279675040394068,0.02552759274840355,0.0007226809393614531,0.02012360841035843,0.0010000000474974513,25,4,GRU
0.0011918273521587253,0.024044852703809738,0.0007207284797914326,0.021015381440520287,0.0010000000474974513,26,4,GRU
0.0011968655744567513,0.023875553160905838,0.0008651343523524702,0.022971952334046364,0.0010000000474974513,27,4,GRU
0.0009049838990904391,0.021540947258472443,0.0006000040448270738,0.018721526488661766,0.0010000000474974513,28,4,GRU
0.0007771133678033948,0.02054048329591751,0.0004038686747662723,0.015530400909483433,0.0010000000474974513,29,4,GRU
0.0008016130304895341,0.020844366401433945,0.00042311003198847175,0.016078537330031395,0.0010000000474974513,30,4,GRU
0.0006256745546124876,0.01810784637928009,0.0004450155538506806,0.01622423343360424,0.0010000000474974513,31,4,GRU
0.0006685777334496379,0.018510274589061737,0.0003898402792401612,0.01545379776507616,0.0010000000474974513,32,4,GRU
0.0006998220924288034,0.017805902287364006,0.0004700965073425323,0.01728949137032032,0.0010000000474974513,33,4,GRU
0.0005369092687033117,0.016676798462867737,0.0005216682329773903,0.01838073693215847,0.0010000000474974513,34,4,GRU
0.0006232521263882518,0.016871590167284012,0.00047880751662887633,0.017013687640428543,0.0010000000474974513,35,4,GRU
0.0007156886858865619,0.01759674958884716,0.000608632864896208,0.0188125167042017,0.0010000000474974513,36,4,GRU
0.0005717008607462049,0.01655835658311844,0.00039727764669805765,0.015426472760736942,0.0010000000474974513,37,4,GRU
0.000553745892830193,0.016169516369700432,0.0004414017603266984,0.016565918922424316,0.0010000000474974513,38,4,GRU
0.00044680334394797683,0.014348461292684078,0.0004378703306429088,0.01654772274196148,0.0010000000474974513,39,4,GRU
0.0007353172404691577,0.01768810674548149,0.00047864552470855415,0.01720188371837139,0.0005000000237487257,40,4,GRU
0.0006035247934050858,0.015433440916240215,0.0005078579997643828,0.017561037093400955,0.0005000000237487257,41,4,GRU
0.0005112634389661252,0.015132458880543709,0.0004836186417378485,0.01714501343667507,0.0005000000237487257,42,4,GRU
0.0005550538189709187,0.01486731506884098,0.0005259249592199922,0.01756342686712742,0.0005000000237487257,43,4,GRU
0.00046417818521149457,0.014996343292295933,0.0003917946305591613,0.015594715252518654,0.0005000000237487257,44,4,GRU
0.0004811282269656658,0.014878988265991211,0.00042407639557495713,0.016271211206912994,0.0005000000237487257,45,4,GRU
0.0004965954576618969,0.014452007599174976,0.0003462945460341871,0.014828278683125973,0.0005000000237487257,46,4,GRU
0.0005279171164147556,0.015159745700657368,0.00038656298420391977,0.015745464712381363,0.0005000000237487257,47,4,GRU
0.0004923667875118554,0.01505388505756855,0.0003796245146077126,0.015415084548294544,0.0005000000237487257,48,4,GRU
0.0004192721680738032,0.01389343198388815,0.00030243623768910766,0.013660973869264126,0.0005000000237487257,49,4,GRU
0.0004885469097644091,0.014171636663377285,0.00028054238646291196,0.012947632931172848,0.0005000000237487257,50,4,GRU
0.00038576871156692505,0.013540669344365597,0.00036952440859749913,0.015056413598358631,0.0005000000237487257,51,4,GRU
0.00047987393918447196,0.014636458829045296,0.00030694459564983845,0.013665399514138699,0.0005000000237487257,52,4,GRU
0.00047608569730073214,0.014559664763510227,0.0002766338875517249,0.012768079526722431,0.0005000000237487257,53,4,GRU
0.00038650736678391695,0.013364859856665134,0.0003078838635701686,0.013530073687434196,0.0005000000237487257,54,4,GRU
0.00046815667883493006,0.01401275210082531,0.0003909524530172348,0.015217126347124577,0.0005000000237487257,55,4,GRU
0.0003232963790651411,0.012688902206718922,0.00028882487094961107,0.013020248152315617,0.0005000000237487257,56,4,GRU
0.00037881601019762456,0.012861251831054688,0.0002829099539667368,0.012605485506355762,0.0005000000237487257,57,4,GRU
0.00042458457755856216,0.013821971602737904,0.0002900799736380577,0.012948483228683472,0.0005000000237487257,58,4,GRU
0.0004242733702994883,0.013135457411408424,0.00029721236205659807,0.01319902017712593,0.0005000000237487257,59,4,GRU
0.00040843590977601707,0.012670098803937435,0.00027975483681075275,0.012735665775835514,0.0002500000118743628,60,4,GRU
0.0004022200300823897,0.012907111085951328,0.0002777820045594126,0.012727482244372368,0.0002500000118743628,61,4,GRU
0.00037707536830566823,0.01333977747708559,0.0002667016233317554,0.012370620854198933,0.0002500000118743628,62,4,GRU
0.00037995720049366355,0.012932167388498783,0.0002791584120132029,0.01280977576971054,0.0002500000118743628,63,4,GRU
0.0003454622928984463,0.012386951595544815,0.00028330422355793417,0.012905938550829887,0.0002500000118743628,64,4,GRU
0.0003360784030519426,0.012417731806635857,0.0002652604889590293,0.012388616800308228,0.0002500000118743628,65,4,GRU
0.00034611322917044163,0.012877832166850567,0.00026421440998092294,0.012297060340642929,0.0002500000118743628,66,4,GRU
0.0002883972192648798,0.011602172628045082,0.0002546458854340017,0.011808567680418491,0.0002500000118743628,67,4,GRU
0.00035710513475351036,0.012482212856411934,0.00025824850308708847,0.01197804044932127,0.0002500000118743628,68,4,GRU
0.00034006417263299227,0.012145981192588806,0.0002730651176534593,0.012571888975799084,0.0002500000118743628,69,4,GRU
0.0003493996919132769,0.012709471397101879,0.00028732451028190553,0.012968240305781364,0.0001250000059371814,70,4,GRU
0.0002651716931723058,0.011761371046304703,0.0002818297944031656,0.012835683301091194,0.0001250000059371814,71,4,GRU
0.0003492282412480563,0.012410575523972511,0.00028227976872585714,0.012864054180681705,0.0001250000059371814,72,4,GRU
0.00037938146851956844,0.012886276468634605,0.00028832463431172073,0.013037841767072678,0.0001250000059371814,73,4,GRU
0.000358865421731025,0.012657112441956997,0.00028856960125267506,0.01304010208696127,0.0001250000059371814,74,4,GRU
0.0003072452964261174,0.011372829787433147,0.000279229978332296,0.012797024101018906,0.0001250000059371814,75,4,GRU
0.0003466522612143308,0.01203855499625206,0.00027493792003951967,0.012691008858382702,0.0001250000059371814,76,4,GRU
0.0003637413610704243,0.01283680833876133,0.0002878063532989472,0.013039113953709602,0.0001250000059371814,77,4,GRU
0.00029963930137455463,0.011493196710944176,0.0003234641917515546,0.013781309127807617,0.0001250000059371814,78,4,GRU
0.0003585685626603663,0.012226712889969349,0.0002848616859409958,0.012944160029292107,0.0001250000059371814,79,4,GRU
0.0003516430442687124,0.012420405633747578,0.00026601782883517444,0.012478950433433056,6.25000029685907e-05,80,4,GRU
0.00028650008607655764,0.011421902105212212,0.00025441256002523005,0.012139230035245419,6.25000029685907e-05,81,4,GRU
0.0003439807624090463,0.012540576048195362,0.0002481579431332648,0.011935609392821789,6.25000029685907e-05,82,4,GRU
0.0003755826910492033,0.012556618079543114,0.0002506946329958737,0.01203114166855812,6.25000029685907e-05,83,4,GRU
0.00029537759837694466,0.011816300451755524,0.00025064070359803736,0.01204186212271452,6.25000029685907e-05,84,4,GRU
0.00037556266761384904,0.012139483354985714,0.00024475203827023506,0.011867547407746315,6.25000029685907e-05,85,4,GRU
0.0003458529827184975,0.012600121088325977,0.00024110607046168298,0.011795190162956715,6.25000029685907e-05,86,4,GRU
0.00037323529249988496,0.012560870498418808,0.0002398040087427944,0.011768251657485962,6.25000029685907e-05,87,4,GRU
0.00035815322189591825,0.01279500313103199,0.00024186416703741997,0.011873152107000351,6.25000029685907e-05,88,4,GRU
0.0002941784041468054,0.011322866193950176,0.00023815663007553667,0.011751390062272549,6.25000029685907e-05,89,4,GRU
0.00034503595088608563,0.012238766998052597,0.00023845506075304002,0.011768796481192112,3.125000148429535e-05,90,4,GRU
0.00035439289058558643,0.012209548614919186,0.00023977398814167827,0.011820596642792225,3.125000148429535e-05,91,4,GRU
0.0004271695506758988,0.012153476476669312,0.00023948214948177338,0.011800172738730907,3.125000148429535e-05,92,4,GRU
0.0003138125466648489,0.01170444954186678,0.00023754559515509754,0.011732907965779305,3.125000148429535e-05,93,4,GRU
0.0003390776982996613,0.012127554975450039,0.0002391780144535005,0.011793221347033978,3.125000148429535e-05,94,4,GRU
0.0003568162501323968,0.012087695300579071,0.0002434092020848766,0.011919278651475906,3.125000148429535e-05,95,4,GRU
0.0003841330180875957,0.013007884845137596,0.00023949367459863424,0.011781059205532074,3.125000148429535e-05,96,4,GRU
0.000389261229429394,0.012708792462944984,0.00023244939802680165,0.011501124128699303,3.125000148429535e-05,97,4,GRU
0.00038393639260903,0.012549656443297863,0.00022841464669909328,0.011313986964523792,3.125000148429535e-05,98,4,GRU
0.00027644436340779066,0.011198550462722778,0.00022705757874064147,0.011259093880653381,3.125000148429535e-05,99,4,GRU
0.0005246589425951242,0.0141011206433177,0.0002271813282277435,0.011281579732894897,1.5625000742147677e-05,100,4,GRU
0.0003420104330871254,0.01189298927783966,0.00022824766347184777,0.011348694562911987,1.5625000742147677e-05,101,4,GRU
0.00031621436937712133,0.011576198972761631,0.0002300819760421291,0.011446300894021988,1.5625000742147677e-05,102,4,GRU
0.00029200484277680516,0.011321228928864002,0.00023208810307551175,0.01153525523841381,1.5625000742147677e-05,103,4,GRU
0.0003634433087427169,0.012874717824161053,0.00023516736109741032,0.01165729109197855,1.5625000742147677e-05,104,4,GRU
0.00033904818701557815,0.012330724857747555,0.00023740746837574989,0.011731010861694813,1.5625000742147677e-05,105,4,GRU
0.0003649204154498875,0.012078892439603806,0.00023893971228972077,0.011783058755099773,1.5625000742147677e-05,106,4,GRU
0.0003712272155098617,0.01271121297031641,0.00023961982515174896,0.011816682294011116,1.5625000742147677e-05,107,4,GRU
0.00044880047789774835,0.013116652145981789,0.00023998034885153174,0.011846237815916538,1.5625000742147677e-05,108,4,GRU
0.00038356659933924675,0.012491275556385517,0.00024151333491317928,0.011901398189365864,1.5625000742147677e-05,109,4,GRU
0.00034657708602026105,0.012631748802959919,0.00024178049352485687,0.011911064386367798,9.999999747378752e-06,110,4,GRU
0.0003304984129499644,0.012121333740651608,0.00024129434314090759,0.011898576281964779,9.999999747378752e-06,111,4,GRU
0.000308954156935215,0.011753757484257221,0.0002392196620348841,0.01183463167399168,9.999999747378752e-06,112,4,GRU
0.0004683625011239201,0.013573743402957916,0.00023775335284881294,0.01178336888551712,9.999999747378752e-06,113,4,GRU
0.00039870795444585383,0.012647156603634357,0.00023788673570379615,0.011787568219006062,9.999999747378752e-06,114,4,GRU
0.0002939486876130104,0.01146072056144476,0.00023721538309473544,0.011763188987970352,9.999999747378752e-06,115,4,GRU
0.0003787818714044988,0.01238307636231184,0.00023729904205538332,0.011767451651394367,9.999999747378752e-06,116,4,GRU
0.0003198743215762079,0.011929688975214958,0.00023735100694466382,0.011769857257604599,9.999999747378752e-06,117,4,GRU
0.00028839302831329405,0.011378307826817036,0.00023822076036594808,0.011797386221587658,9.999999747378752e-06,118,4,GRU
0.00026120999245904386,0.011254040524363518,0.00023860708461143076,0.01180520374327898,9.999999747378752e-06,119,4,GRU
0.031308431178331375,0.13942499458789825,0.022117676213383675,0.11494886130094528,0.0010000000474974513,1,5,GRU
0.02166452631354332,0.11190178990364075,0.025183532387018204,0.12459085136651993,0.0010000000474974513,2,5,GRU
0.012307635508477688,0.08606041222810745,0.0053972601890563965,0.05878229811787605,0.0010000000474974513,3,5,GRU
0.008767616003751755,0.07309872657060623,0.005531465169042349,0.05618302896618843,0.0010000000474974513,4,5,GRU
0.008555382490158081,0.0683927908539772,0.004765960853546858,0.05505354329943657,0.0010000000474974513,5,5,GRU
0.006364149507135153,0.06350880116224289,0.00312388245947659,0.045593857765197754,0.0010000000474974513,6,5,GRU
0.0059377895668148994,0.05861043184995651,0.0030638021416962147,0.043994419276714325,0.0010000000474974513,7,5,GRU
0.004651903640478849,0.05105217173695564,0.005008248146623373,0.06191112473607063,0.0010000000474974513,8,5,GRU
0.004310299176722765,0.04988677799701691,0.00286692101508379,0.043471094220876694,0.0010000000474974513,9,5,GRU
0.0038516775239259005,0.04741101339459419,0.004530732985585928,0.056978773325681686,0.0010000000474974513,10,5,GRU
0.003537226701155305,0.04588771238923073,0.004981586709618568,0.05914609506726265,0.0010000000474974513,11,5,GRU
0.0035564973950386047,0.04489820823073387,0.004241650458425283,0.05553239583969116,0.0010000000474974513,12,5,GRU
0.0030190132092684507,0.04196401685476303,0.004346651490777731,0.05682359263300896,0.0010000000474974513,13,5,GRU
0.002591063966974616,0.039504677057266235,0.00236882665194571,0.039970505982637405,0.0010000000474974513,14,5,GRU
0.0027471757493913174,0.04055133834481239,0.001995912753045559,0.03638182580471039,0.0010000000474974513,15,5,GRU
0.0021262571681290865,0.03673497587442398,0.0020588573534041643,0.03699033707380295,0.0010000000474974513,16,5,GRU
0.0022062764037400484,0.03660370036959648,0.0022762527223676443,0.03822818025946617,0.0010000000474974513,17,5,GRU
0.0023688666988164186,0.0376461036503315,0.002332249889150262,0.040182363241910934,0.0010000000474974513,18,5,GRU
0.0023535017389804125,0.03479422628879547,0.002334639197215438,0.04083791747689247,0.0010000000474974513,19,5,GRU
0.0018614062573760748,0.032694730907678604,0.002507703611627221,0.04113975912332535,0.0010000000474974513,20,5,GRU
0.0020045479759573936,0.03541889041662216,0.002481629839166999,0.04088922217488289,0.0010000000474974513,21,5,GRU
0.0017487765289843082,0.033190593123435974,0.002030544215813279,0.036895569413900375,0.0010000000474974513,22,5,GRU
0.0017008732538670301,0.032579317688941956,0.0031919176690280437,0.04590728133916855,0.0010000000474974513,23,5,GRU
0.0017915390199050307,0.03288890793919563,0.0025269959587603807,0.04182005301117897,0.0010000000474974513,24,5,GRU
0.0018288466380909085,0.033498745411634445,0.002412938280031085,0.040663618594408035,0.0010000000474974513,25,5,GRU
0.001296207425184548,0.027566764503717422,0.0031351004727184772,0.04731755331158638,0.0005000000237487257,26,5,GRU
0.0013885763473808765,0.028570687398314476,0.0025760873686522245,0.041451506316661835,0.0005000000237487257,27,5,GRU
0.001422212109901011,0.029880208894610405,0.0021521314047276974,0.037208929657936096,0.0005000000237487257,28,5,GRU
0.0017521001864224672,0.03251853957772255,0.002457007998600602,0.041641682386398315,0.0005000000237487257,29,5,GRU
0.001532581984065473,0.03015599399805069,0.0020488379523158073,0.0382404550909996,0.0005000000237487257,30,5,GRU
0.0014150392962619662,0.028455203399062157,0.0021239526104182005,0.03929024934768677,0.0005000000237487257,31,5,GRU
0.001677787397056818,0.03161752223968506,0.001915371511131525,0.03718935698270798,0.0005000000237487257,32,5,GRU
0.0014018978690728545,0.028890902176499367,0.0013954919995740056,0.030880821868777275,0.0005000000237487257,33,5,GRU
0.0013564564287662506,0.028338739648461342,0.0014472362818196416,0.032315850257873535,0.0005000000237487257,34,5,GRU
0.0012125835055485368,0.027628012001514435,0.0011983991134911776,0.029274556785821915,0.0005000000237487257,35,5,GRU
0.0012955141719430685,0.028173092752695084,0.0010059388587251306,0.02588210254907608,0.0005000000237487257,36,5,GRU
0.0011844305554404855,0.026768894866108894,0.0010049203410744667,0.026573745533823967,0.0005000000237487257,37,5,GRU
0.0012259967625141144,0.02567143365740776,0.0009850565111264586,0.026001272723078728,0.0005000000237487257,38,5,GRU
0.0011809796560555696,0.0272148959338665,0.0009983611525967717,0.0264242272824049,0.0005000000237487257,39,5,GRU
0.001321102143265307,0.02816508710384369,0.0010180503595620394,0.026591289788484573,0.0005000000237487257,40,5,GRU
0.0012943580513820052,0.027770869433879852,0.0009409295744262636,0.025482196360826492,0.0005000000237487257,41,5,GRU
0.0011590499198064208,0.02608276903629303,0.0009518788428977132,0.02611280046403408,0.0005000000237487257,42,5,GRU
0.001093062455765903,0.02529691532254219,0.0008542774594388902,0.024117231369018555,0.0005000000237487257,43,5,GRU
0.0012720063095912337,0.026606151834130287,0.0009906920604407787,0.02602650597691536,0.0005000000237487257,44,5,GRU
0.0011059200624004006,0.025566209107637405,0.00097840023227036,0.02574685588479042,0.0005000000237487257,45,5,GRU
0.0009192492580041289,0.023515529930591583,0.0010041686473414302,0.02611858956515789,0.0005000000237487257,46,5,GRU
0.0010335686383768916,0.02513173408806324,0.0010274931555613875,0.02650127187371254,0.0005000000237487257,47,5,GRU
0.0009181394707411528,0.022984754294157028,0.001057494431734085,0.02717556245625019,0.0005000000237487257,48,5,GRU
0.0013533404562622309,0.026186350733041763,0.0009030334767885506,0.024830320850014687,0.0005000000237487257,49,5,GRU
0.001099548302590847,0.026111379265785217,0.000862819782923907,0.02426808327436447,0.0005000000237487257,50,5,GRU
0.0008636042475700378,0.023626912385225296,0.0008035770733840764,0.023076320067048073,0.0005000000237487257,51,5,GRU
0.0010361982276663184,0.024623636156320572,0.0007882094359956682,0.022854512557387352,0.0005000000237487257,52,5,GRU
0.0009013914386741817,0.023913856595754623,0.0007809865637682378,0.022880379110574722,0.0005000000237487257,53,5,GRU
0.0009570138645358384,0.023418104276061058,0.0007663414580747485,0.022350670769810677,0.0002500000118743628,54,5,GRU
0.0009134766296483576,0.02341519109904766,0.0007638602401129901,0.022209076210856438,0.0002500000118743628,55,5,GRU
0.0009230644791387022,0.022940615192055702,0.0007638392271474004,0.022305075079202652,0.0002500000118743628,56,5,GRU
0.0008978605037555099,0.0229334756731987,0.0007828963571228087,0.022525226697325706,0.0002500000118743628,57,5,GRU
0.0008694766438566148,0.022263187915086746,0.0008219014853239059,0.02331588789820671,0.0002500000118743628,58,5,GRU
0.0009235217003151774,0.024372773244976997,0.0008193764952011406,0.023474497720599174,0.0002500000118743628,59,5,GRU
0.0007519114878959954,0.02178865298628807,0.0008778608753345907,0.024810394272208214,0.0002500000118743628,60,5,GRU
0.0007982267998158932,0.021486343815922737,0.0008375610923394561,0.023496096953749657,0.0002500000118743628,61,5,GRU
0.0007554767653346062,0.0208894070237875,0.0008950509945861995,0.024325210601091385,0.0002500000118743628,62,5,GRU
0.0008112585637718439,0.02245965227484703,0.0008664189372211695,0.024032989516854286,0.0002500000118743628,63,5,GRU
0.0007736901170574129,0.02096482180058956,0.0008775779278948903,0.024258365854620934,0.0001250000059371814,64,5,GRU
0.000859215680975467,0.02237340435385704,0.0008637167629785836,0.0239253006875515,0.0001250000059371814,65,5,GRU
0.0008838981157168746,0.022208308801054955,0.0008735135197639465,0.024119125679135323,0.0001250000059371814,66,5,GRU
0.000892919662874192,0.023359201848506927,0.0008620425360277295,0.024025809019804,0.0001250000059371814,67,5,GRU
0.0007398836314678192,0.02098306082189083,0.0008547095931135118,0.023902874439954758,0.0001250000059371814,68,5,GRU
0.0008754683076404035,0.022887365892529488,0.000845193222630769,0.023648805916309357,0.0001250000059371814,69,5,GRU
0.0009231725125573575,0.023171935230493546,0.0008365793037228286,0.023504232987761497,0.0001250000059371814,70,5,GRU
0.0008574271341785789,0.023200221359729767,0.0008306100498884916,0.02336312085390091,0.0001250000059371814,71,5,GRU
0.0009970947867259383,0.023312168195843697,0.0008318555192090571,0.023429689928889275,0.0001250000059371814,72,5,GRU
0.0008467960287816823,0.022610262036323547,0.0008450935129076242,0.02360990270972252,0.0001250000059371814,73,5,GRU
0.0007427016389556229,0.02105330303311348,0.0008518003742210567,0.023683076724410057,6.25000029685907e-05,74,5,GRU
0.0007830653339624405,0.02063949592411518,0.0008575816173106432,0.023864788934588432,6.25000029685907e-05,75,5,GRU
0.000775582215283066,0.021970052272081375,0.000860498461406678,0.023968717083334923,6.25000029685907e-05,76,5,GRU
0.026042968034744263,0.13226722180843353,0.014512086287140846,0.09789236634969711,0.0010000000474974513,1,6,GRU
0.01989322528243065,0.1076895222067833,0.016193432733416557,0.1156817302107811,0.0010000000474974513,2,6,GRU
0.01305085513740778,0.09008463472127914,0.00919486302882433,0.08476316183805466,0.0010000000474974513,3,6,GRU
0.010177239775657654,0.07711877673864365,0.008153394795954227,0.07630867511034012,0.0010000000474974513,4,6,GRU
0.007948908023536205,0.06881046295166016,0.004957030061632395,0.05563546344637871,0.0010000000474974513,5,6,GRU
0.0063158185221254826,0.062288798391819,0.004889991134405136,0.058623529970645905,0.0010000000474974513,6,6,GRU
0.0055924104526638985,0.05816500633955002,0.005973628256469965,0.0651051253080368,0.0010000000474974513,7,6,GRU
0.004882941022515297,0.05458126217126846,0.006520387716591358,0.07145483046770096,0.0010000000474974513,8,6,GRU
0.004208180587738752,0.04786030203104019,0.005264937411993742,0.0641089603304863,0.0010000000474974513,9,6,GRU
0.0036862706765532494,0.04657822102308273,0.006609262432903051,0.07156524062156677,0.0010000000474974513,10,6,GRU
0.004165755584836006,0.051542241126298904,0.006430457811802626,0.06991498172283173,0.0010000000474974513,11,6,GRU
0.003230227390304208,0.04504548758268356,0.0041718375869095325,0.05514812469482422,0.0010000000474974513,12,6,GRU
0.0031050785910338163,0.04142177104949951,0.007983752526342869,0.07639206200838089,0.0010000000474974513,13,6,GRU
0.0032457211054861546,0.04342109337449074,0.002775204135105014,0.04469067603349686,0.0010000000474974513,14,6,GRU
0.00255965837277472,0.03933004289865494,0.004635247867554426,0.056373752653598785,0.0010000000474974513,15,6,GRU
0.00232431897893548,0.038542166352272034,0.004877390805631876,0.057620543986558914,0.0010000000474974513,16,6,GRU
0.0020278170704841614,0.03346460312604904,0.004010841250419617,0.05367933213710785,0.0010000000474974513,17,6,GRU
0.0021130586974322796,0.03647366538643837,0.0036471448838710785,0.05020470917224884,0.0010000000474974513,18,6,GRU
0.0015369078610092402,0.02937459386885166,0.0030703889206051826,0.04833994060754776,0.0010000000474974513,19,6,GRU
0.001784735475666821,0.03262237459421158,0.0036848760209977627,0.05337465927004814,0.0010000000474974513,20,6,GRU
0.0014573554508388042,0.029637770727276802,0.003530994290485978,0.0515885166823864,0.0010000000474974513,21,6,GRU
0.0017271328251808882,0.031315676867961884,0.0028058344032615423,0.046005912125110626,0.0010000000474974513,22,6,GRU
0.0014155593235045671,0.02883789874613285,0.0023680967278778553,0.04219214618206024,0.0010000000474974513,23,6,GRU
0.0013354459078982472,0.02839958854019642,0.002437225077301264,0.04247649759054184,0.0010000000474974513,24,6,GRU
0.0014331159181892872,0.028638755902647972,0.0027944259345531464,0.04519215598702431,0.0010000000474974513,25,6,GRU
0.001259015640243888,0.02690206654369831,0.002325761830434203,0.04151883348822594,0.0010000000474974513,26,6,GRU
0.001306460821069777,0.025518471375107765,0.0024201031774282455,0.042918719351291656,0.0010000000474974513,27,6,GRU
0.0008724528015591204,0.02249542810022831,0.0020997400861233473,0.0395384281873703,0.0010000000474974513,28,6,GRU
0.0008741471101529896,0.022798171266913414,0.0018799153622239828,0.037225306034088135,0.0010000000474974513,29,6,GRU
0.0008823276730254292,0.022841045632958412,0.0016836313297972083,0.03570118173956871,0.0010000000474974513,30,6,GRU
0.0007294982206076384,0.02019784413278103,0.002012522891163826,0.03945450484752655,0.0010000000474974513,31,6,GRU
0.0007998047512955964,0.021028518676757812,0.0014582390431314707,0.032638657838106155,0.0010000000474974513,32,6,GRU
0.0008802638622000813,0.022061435505747795,0.0016574753681197762,0.03576048091053963,0.0010000000474974513,33,6,GRU
0.0008620623266324401,0.021870404481887817,0.0014571422943845391,0.03286818787455559,0.0010000000474974513,34,6,GRU
0.0008033197955228388,0.02076105587184429,0.001373196835629642,0.031980790197849274,0.0010000000474974513,35,6,GRU
0.0007274147355929017,0.019574852660298347,0.0011905927676707506,0.02927342802286148,0.0010000000474974513,36,6,GRU
0.0007627378217875957,0.02043827809393406,0.0011031125904992223,0.027820279821753502,0.0010000000474974513,37,6,GRU
0.0009061102755367756,0.02175087481737137,0.001457247301004827,0.0317809171974659,0.0010000000474974513,38,6,GRU
0.0007755185361020267,0.020657038316130638,0.0009835739620029926,0.026311581954360008,0.0010000000474974513,39,6,GRU
0.0007043411605991423,0.019927840679883957,0.0011201174929738045,0.02719891257584095,0.0010000000474974513,40,6,GRU
0.0006584027432836592,0.02011936344206333,0.0011530484771355987,0.027829160913825035,0.0010000000474974513,41,6,GRU
0.0005781920626759529,0.01872953586280346,0.0012963402550667524,0.0298382006585598,0.0010000000474974513,42,6,GRU
0.0006042737513780594,0.018346518278121948,0.0010503404773771763,0.026769768446683884,0.0010000000474974513,43,6,GRU
0.0005876574432477355,0.01828933134675026,0.0011514007346704602,0.027877597138285637,0.0010000000474974513,44,6,GRU
0.000624780950602144,0.018809348344802856,0.0009858172852545977,0.026359600946307182,0.0010000000474974513,45,6,GRU
0.0005360886570997536,0.01760140061378479,0.0007948025595396757,0.023328205570578575,0.0010000000474974513,46,6,GRU
0.0004879881744273007,0.01651785336434841,0.0008075988152995706,0.023510729894042015,0.0010000000474974513,47,6,GRU
0.0005687744705937803,0.01737682707607746,0.0008703010971657932,0.024479655548930168,0.0010000000474974513,48,6,GRU
0.0005504440050572157,0.017588386312127113,0.0007516688201576471,0.022450994700193405,0.0010000000474974513,49,6,GRU
0.0005080486880615354,0.016551043838262558,0.0006924139452166855,0.021307071670889854,0.0010000000474974513,50,6,GRU
0.0005260523175820708,0.016442449763417244,0.000576664344407618,0.01917758211493492,0.0010000000474974513,51,6,GRU
0.0004664965090341866,0.01509819645434618,0.0005326385144144297,0.018262727186083794,0.0010000000474974513,52,6,GRU
0.0005080955452285707,0.016160747036337852,0.0004963881219737232,0.01776994951069355,0.0010000000474974513,53,6,GRU
0.0005481853149831295,0.01689305528998375,0.0004987326683476567,0.018035393208265305,0.0010000000474974513,54,6,GRU
0.0004853344871662557,0.01614360138773918,0.0003571540000848472,0.01492859423160553,0.0010000000474974513,55,6,GRU
0.00040824126335792243,0.014285392127931118,0.00038186501478776336,0.015476465225219727,0.0010000000474974513,56,6,GRU
0.0003879005671478808,0.014353187754750252,0.00044018685002811253,0.016510188579559326,0.0010000000474974513,57,6,GRU
0.0004160433018114418,0.014392140321433544,0.00042186275823041797,0.016006479039788246,0.0010000000474974513,58,6,GRU
0.00042081403080374,0.01377394050359726,0.0004951976588927209,0.017124053090810776,0.0010000000474974513,59,6,GRU
0.00034141013748012483,0.013054879382252693,0.0004889799747616053,0.016780221834778786,0.0010000000474974513,60,6,GRU
0.00034842672175727785,0.013055235147476196,0.0004539832007139921,0.015841130167245865,0.0010000000474974513,61,6,GRU
0.0003959009482059628,0.013892279006540775,0.0004330244555603713,0.015204045921564102,0.0010000000474974513,62,6,GRU
0.00034739775583148,0.013313106261193752,0.0004202036070637405,0.014936812222003937,0.0010000000474974513,63,6,GRU
0.0003572793211787939,0.013117868453264236,0.00036881802952848375,0.014064226299524307,0.0010000000474974513,64,6,GRU
0.00030661249184049666,0.012832863256335258,0.00041882539517246187,0.014658735133707523,0.0010000000474974513,65,6,GRU
0.0003348496393300593,0.01329136174172163,0.0003815010713879019,0.014084097929298878,0.0005000000237487257,66,6,GRU
0.0004214874643366784,0.014840362593531609,0.0003616888134274632,0.013616844080388546,0.0005000000237487257,67,6,GRU
0.0003138045722153038,0.012344925664365292,0.0003417354018893093,0.01321697048842907,0.0005000000237487257,68,6,GRU
0.0003129295364487916,0.012363356538116932,0.00034065148793160915,0.013264918699860573,0.0005000000237487257,69,6,GRU
0.00034004097688011825,0.01218191534280777,0.0003420894790906459,0.013243088498711586,0.0005000000237487257,70,6,GRU
0.00023921277897898108,0.011247248388826847,0.00034760820562951267,0.013171607628464699,0.0005000000237487257,71,6,GRU
0.0002811415179166943,0.011950857937335968,0.00032492013997398317,0.012769967317581177,0.0005000000237487257,72,6,GRU
0.00032241956796497107,0.012936749495565891,0.00030608222004957497,0.012390214018523693,0.0005000000237487257,73,6,GRU
0.0002786695258691907,0.011515767313539982,0.0002949523041024804,0.012128138914704323,0.0005000000237487257,74,6,GRU
0.00026887923013418913,0.011545054614543915,0.0002829506411217153,0.011898745782673359,0.0005000000237487257,75,6,GRU
0.0002881510881707072,0.012136192061007023,0.0002828336728271097,0.011882147751748562,0.0002500000118743628,76,6,GRU
0.0003506849752739072,0.013513884507119656,0.0002774994063656777,0.011715012602508068,0.0002500000118743628,77,6,GRU
0.00028462306363508105,0.011724593117833138,0.00027429338661022484,0.011628448031842709,0.0002500000118743628,78,6,GRU
0.0002960884303320199,0.012123375199735165,0.0002742224314715713,0.011532952077686787,0.0002500000118743628,79,6,GRU
0.0002512464125175029,0.011317231692373753,0.0002763768716249615,0.011491280980408192,0.0002500000118743628,80,6,GRU
0.0002615265839267522,0.011363404802978039,0.0002794630127027631,0.011511594988405704,0.0002500000118743628,81,6,GRU
0.00027239773771725595,0.011713974177837372,0.00028147679404355586,0.011548088863492012,0.0002500000118743628,82,6,GRU
0.00026244259788654745,0.011391010135412216,0.00027641953784041107,0.011524506844580173,0.0002500000118743628,83,6,GRU
0.00029829860432073474,0.01187682431191206,0.0002775827015284449,0.011507960967719555,0.0002500000118743628,84,6,GRU
0.0002688090316951275,0.011691208928823471,0.0002805422409437597,0.011640932410955429,0.0002500000118743628,85,6,GRU
0.0002587278140708804,0.010974511504173279,0.00028063636273145676,0.011644166894257069,0.0001250000059371814,86,6,GRU
0.00024467709590680897,0.011000154539942741,0.00027679605409502983,0.011583416722714901,0.0001250000059371814,87,6,GRU
0.0002443933335598558,0.010991047136485577,0.00027171734836883843,0.01146019995212555,0.0001250000059371814,88,6,GRU
0.0002629893715493381,0.011155152693390846,0.0002672380651347339,0.0113505395129323,0.0001250000059371814,89,6,GRU
0.00021603227651212364,0.010485540144145489,0.00026349315885454416,0.01128355972468853,0.0001250000059371814,90,6,GRU
0.0002528642653487623,0.010906861163675785,0.00026308526867069304,0.011228244751691818,0.0001250000059371814,91,6,GRU
0.00029938947409391403,0.01181100681424141,0.00026161177083849907,0.011198008432984352,0.0001250000059371814,92,6,GRU
0.00030065380269661546,0.011707264930009842,0.0002583219902589917,0.011178327724337578,0.0001250000059371814,93,6,GRU
0.0002576270780991763,0.01114555075764656,0.00025802385061979294,0.011150713078677654,0.0001250000059371814,94,6,GRU
0.0002490979968570173,0.010864841751754284,0.0002553566300775856,0.011078264564275742,0.0001250000059371814,95,6,GRU
0.0002584467874839902,0.011095713824033737,0.0002527027390897274,0.010976706631481647,0.0001250000059371814,96,6,GRU
0.0002214928827015683,0.010452582500874996,0.0002500090340618044,0.01091789174824953,0.0001250000059371814,97,6,GRU
0.000333588250214234,0.01220651064068079,0.0002454018103890121,0.010860823094844818,0.0001250000059371814,98,6,GRU
0.0003098621091339737,0.012129602022469044,0.0002458506787661463,0.010836848989129066,0.0001250000059371814,99,6,GRU
0.00035629142075777054,0.012185432016849518,0.0002452011394780129,0.010864689014852047,0.0001250000059371814,100,6,GRU
0.00023703600163571537,0.010696117766201496,0.0002446025609970093,0.010861502029001713,0.0001250000059371814,101,6,GRU
0.00025742160505615175,0.01119398232549429,0.00024092661624308676,0.01078527607023716,0.0001250000059371814,102,6,GRU
0.00027219014009460807,0.011199811473488808,0.00023785918892826885,0.010668063536286354,0.0001250000059371814,103,6,GRU
0.00029858865309506655,0.011613122187554836,0.0002362932136747986,0.010567405261099339,0.0001250000059371814,104,6,GRU
0.00027794422931037843,0.011354764923453331,0.00023617401893716305,0.01049127895385027,0.0001250000059371814,105,6,GRU
0.0003021602751687169,0.011636077426373959,0.0002350829599890858,0.01045589242130518,6.25000029685907e-05,106,6,GRU
0.0002033250784734264,0.010149475187063217,0.00023392918228637427,0.010433309711515903,6.25000029685907e-05,107,6,GRU
0.0002727003884501755,0.01096806675195694,0.00023229594808071852,0.01039785798639059,6.25000029685907e-05,108,6,GRU
0.00026615645037963986,0.011079387739300728,0.00023108253662940115,0.01039307564496994,6.25000029685907e-05,109,6,GRU
0.00026906703715212643,0.011236877180635929,0.0002305876842001453,0.010440381243824959,6.25000029685907e-05,110,6,GRU
0.00026437948690727353,0.010728945955634117,0.0002298241015523672,0.010413861833512783,6.25000029685907e-05,111,6,GRU
0.00025268574245274067,0.011004595085978508,0.00022857909789308906,0.010370062664151192,6.25000029685907e-05,112,6,GRU
0.00020460256200749427,0.010158335790038109,0.00022734352387487888,0.010330075398087502,6.25000029685907e-05,113,6,GRU
0.0002610597002785653,0.011323975399136543,0.00022607001301366836,0.010298369452357292,6.25000029685907e-05,114,6,GRU
0.0002336837351322174,0.01087242178618908,0.0002236652944702655,0.010224412195384502,6.25000029685907e-05,115,6,GRU
0.00023583525035064667,0.010644732043147087,0.00022297281248029321,0.010203775018453598,3.125000148429535e-05,116,6,GRU
0.0002502914285287261,0.010771027766168118,0.00022318727860692888,0.010204292833805084,3.125000148429535e-05,117,6,GRU
0.00024544799816794693,0.011072280816733837,0.00022298200929071754,0.010203773155808449,3.125000148429535e-05,118,6,GRU
0.00030446896562352777,0.011416465044021606,0.00022264216386247426,0.01020115241408348,3.125000148429535e-05,119,6,GRU
0.00024196604499593377,0.011078092269599438,0.0002222800103481859,0.010200763121247292,3.125000148429535e-05,120,6,GRU
0.0002643136540427804,0.011589200235903263,0.00022077902394812554,0.010180340148508549,3.125000148429535e-05,121,6,GRU
0.00022971771250013262,0.01049049012362957,0.00022056671150494367,0.010167942382395267,3.125000148429535e-05,122,6,GRU
0.0002599090803414583,0.01063176803290844,0.00022101265494711697,0.010169555433094501,3.125000148429535e-05,123,6,GRU
0.0002394344046479091,0.010912146419286728,0.0002205845230491832,0.01016098354011774,3.125000148429535e-05,124,6,GRU
0.0002845610724762082,0.011382156983017921,0.00022007664665579796,0.010149889625608921,3.125000148429535e-05,125,6,GRU
0.00022112073202151805,0.010293117724359035,0.00022004042693879455,0.010139563120901585,1.5625000742147677e-05,126,6,GRU
0.0002521298883948475,0.010746775195002556,0.00022019620519131422,0.01013745367527008,1.5625000742147677e-05,127,6,GRU
0.00026472899480722845,0.011485096998512745,0.00022051658015698195,0.010135986842215061,1.5625000742147677e-05,128,6,GRU
0.00024081123410724103,0.010513195767998695,0.00022075085144024342,0.010134757496416569,1.5625000742147677e-05,129,6,GRU
0.00024309690343216062,0.01063502673059702,0.00022085840464569628,0.010131345130503178,1.5625000742147677e-05,130,6,GRU
0.00030571763636544347,0.012160432524979115,0.00022074613661970943,0.010133046656847,1.5625000742147677e-05,131,6,GRU
0.0002309013216290623,0.010110915638506413,0.00022055486624594778,0.010138274170458317,1.5625000742147677e-05,132,6,GRU
0.00027237075846642256,0.011533374898135662,0.0002203859039582312,0.010138618759810925,1.5625000742147677e-05,133,6,GRU
0.000262161047430709,0.011142246425151825,0.00021978509903419763,0.01012912206351757,1.5625000742147677e-05,134,6,GRU
0.00028106331592425704,0.01159354206174612,0.00021931302035227418,0.010119217447936535,1.5625000742147677e-05,135,6,GRU
0.0002505673037376255,0.011064376682043076,0.0002193475520471111,0.010116987861692905,9.999999747378752e-06,136,6,GRU
0.00027875349042005837,0.0113981943577528,0.00021943765750620514,0.010117290541529655,9.999999747378752e-06,137,6,GRU
0.00023010995937511325,0.010520217008888721,0.00021957400895189494,0.01011856459081173,9.999999747378752e-06,138,6,GRU
0.00026068385341204703,0.010804325342178345,0.00021956025739200413,0.01011890359222889,9.999999747378752e-06,139,6,GRU
0.00023262298782356083,0.010871422477066517,0.00021971852402202785,0.010122706182301044,9.999999747378752e-06,140,6,GRU
0.00026169620105065405,0.011469246819615364,0.0002199609443778172,0.010129798203706741,9.999999747378752e-06,141,6,GRU
0.00026340174372307956,0.011043070815503597,0.0002201869647251442,0.010130826383829117,9.999999747378752e-06,142,6,GRU
0.0002689554530661553,0.011182950809597969,0.00022023316705599427,0.010129631496965885,9.999999747378752e-06,143,6,GRU
0.00026362561038695276,0.011216715909540653,0.00022015970898792148,0.010123747400939465,9.999999747378752e-06,144,6,GRU
0.00025212435866706073,0.011178065091371536,0.00022012749104760587,0.010119400918483734,9.999999747378752e-06,145,6,GRU
0.0003099875175394118,0.011794820427894592,0.00022014367277733982,0.010121526196599007,9.999999747378752e-06,146,6,GRU
0.00026827494730241597,0.01157684437930584,0.00022016401635482907,0.010120533406734467,9.999999747378752e-06,147,6,GRU
0.0002686403167899698,0.011315997689962387,0.0002201653696829453,0.010121980682015419,9.999999747378752e-06,148,6,GRU
0.00023042011889629066,0.010734393261373043,0.0002201939350925386,0.010119970887899399,9.999999747378752e-06,149,6,GRU
0.0002809555735439062,0.010990893468260765,0.00022029815590940416,0.010115589015185833,9.999999747378752e-06,150,6,GRU
0.039825841784477234,0.1424221396446228,0.02842845767736435,0.14401885867118835,0.0010000000474974513,1,7,GRU
0.022313417866826057,0.11508256942033768,0.004365785978734493,0.05410045385360718,0.0010000000474974513,2,7,GRU
0.011290285736322403,0.0822422057390213,0.004731076303869486,0.056668270379304886,0.0010000000474974513,3,7,GRU
0.010474296286702156,0.07575169950723648,0.0036271652206778526,0.04763282462954521,0.0010000000474974513,4,7,GRU
0.00895360391587019,0.07182380557060242,0.0036214315332472324,0.04991600289940834,0.0010000000474974513,5,7,GRU
0.005366906989365816,0.055638302117586136,0.0027633849531412125,0.04238557070493698,0.0010000000474974513,6,7,GRU
0.005434536375105381,0.055505238473415375,0.004655908793210983,0.05748870223760605,0.0010000000474974513,7,7,GRU
0.004939251579344273,0.051995743066072464,0.003318885574117303,0.04651739448308945,0.0010000000474974513,8,7,GRU
0.004874507896602154,0.05275178700685501,0.004154731519520283,0.05242210254073143,0.0010000000474974513,9,7,GRU
0.004484496545046568,0.05113564431667328,0.0023724331986159086,0.03900323808193207,0.0010000000474974513,10,7,GRU
0.0035031139850616455,0.04574519023299217,0.002264278708025813,0.0383363738656044,0.0010000000474974513,11,7,GRU
0.003428308293223381,0.044020842760801315,0.0040425448678433895,0.052938975393772125,0.0010000000474974513,12,7,GRU
0.0028364439494907856,0.03962533921003342,0.002294877776876092,0.039556462317705154,0.0010000000474974513,13,7,GRU
0.003206569468602538,0.044256553053855896,0.002583024324849248,0.04304049536585808,0.0010000000474974513,14,7,GRU
0.0026897622738033533,0.03785014525055885,0.0018831838387995958,0.03569513186812401,0.0010000000474974513,15,7,GRU
0.0022902595810592175,0.03560436889529228,0.0018610380357131362,0.03536069393157959,0.0010000000474974513,16,7,GRU
0.0025198094081133604,0.03894286975264549,0.0032344486098736525,0.046288229525089264,0.0010000000474974513,17,7,GRU
0.0020605295430868864,0.034840550273656845,0.0027079693973064423,0.04254264011979103,0.0010000000474974513,18,7,GRU
0.002124000107869506,0.035385388880968094,0.004411264322698116,0.053806304931640625,0.0010000000474974513,19,7,GRU
0.0017005429835990071,0.03160424157977104,0.002570176962763071,0.040064092725515366,0.0010000000474974513,20,7,GRU
0.002215268788859248,0.03655308857560158,0.0027235685847699642,0.04036341607570648,0.0010000000474974513,21,7,GRU
0.0015726134879514575,0.03023700788617134,0.0026868595741689205,0.0417366623878479,0.0010000000474974513,22,7,GRU
0.0015230325516313314,0.030168626457452774,0.0034082592464983463,0.04730156809091568,0.0010000000474974513,23,7,GRU
0.0016845065401867032,0.03158194199204445,0.0015765278367325664,0.03146081790328026,0.0010000000474974513,24,7,GRU
0.0018670923309400678,0.03165528178215027,0.002388883149251342,0.03789548575878143,0.0010000000474974513,25,7,GRU
0.0015291683375835419,0.03036365658044815,0.002283201552927494,0.03819011524319649,0.0010000000474974513,26,7,GRU
0.0014537629904225469,0.029176536947488785,0.00230511580593884,0.03817175701260567,0.0010000000474974513,27,7,GRU
0.001509540481492877,0.028888454660773277,0.0015275528421625495,0.0316196046769619,0.0010000000474974513,28,7,GRU
0.0013492697617039084,0.027569683268666267,0.0025675888173282146,0.03977355733513832,0.0010000000474974513,29,7,GRU
0.0011704456992447376,0.0251018013805151,0.002254307270050049,0.03654445335268974,0.0010000000474974513,30,7,GRU
0.001210430869832635,0.0262466948479414,0.002549488330259919,0.03878702595829964,0.0010000000474974513,31,7,GRU
0.0012043002061545849,0.025600755587220192,0.0015401947312057018,0.029578840360045433,0.0010000000474974513,32,7,GRU
0.0012020188150927424,0.025819655507802963,0.002472843509167433,0.03963833302259445,0.0010000000474974513,33,7,GRU
0.0012186437379568815,0.026299485936760902,0.002013828605413437,0.033901527523994446,0.0010000000474974513,34,7,GRU
0.0009861104190349579,0.02415619231760502,0.0021503474563360214,0.03628898784518242,0.0005000000237487257,35,7,GRU
0.0009023005841299891,0.02265007048845291,0.0013396653812378645,0.027625691145658493,0.0005000000237487257,36,7,GRU
0.0009266817360185087,0.023593513295054436,0.002127730054780841,0.0377197302877903,0.0005000000237487257,37,7,GRU
0.0009951719548553228,0.02537030167877674,0.00165417545940727,0.03245856612920761,0.0005000000237487257,38,7,GRU
0.0008934370125643909,0.023352308198809624,0.001158264116384089,0.026140043511986732,0.0005000000237487257,39,7,GRU
0.0007332603563554585,0.021091265603899956,0.0012036125408485532,0.026889080181717873,0.0005000000237487257,40,7,GRU
0.0009143354254774749,0.022938668727874756,0.0012606336968019605,0.02838200330734253,0.0005000000237487257,41,7,GRU
0.0008242028416134417,0.022162288427352905,0.0012316667707636952,0.02822396717965603,0.0005000000237487257,42,7,GRU
0.0007167834555730224,0.0211008433252573,0.0014969167532399297,0.031216012313961983,0.0005000000237487257,43,7,GRU
0.0007848251261748374,0.021542195230722427,0.001255535869859159,0.02821343205869198,0.0005000000237487257,44,7,GRU
0.0007520808721892536,0.020849110558629036,0.0011745360679924488,0.026763496920466423,0.0005000000237487257,45,7,GRU
0.0007307596388272941,0.02079581469297409,0.001270902226679027,0.028008321300148964,0.0005000000237487257,46,7,GRU
0.0007947551202960312,0.02129391022026539,0.0013085571117699146,0.02910536527633667,0.0005000000237487257,47,7,GRU
0.0006844380986876786,0.02064518630504608,0.0017894944176077843,0.03502115234732628,0.0005000000237487257,48,7,GRU
0.0008388328715227544,0.022546231746673584,0.0017869031289592385,0.03462430462241173,0.0005000000237487257,49,7,GRU
0.0006761728436686099,0.020524444058537483,0.0018995979335159063,0.036036401987075806,0.0002500000118743628,50,7,GRU
0.0007165198912844062,0.020349733531475067,0.0017839539796113968,0.03488350659608841,0.0002500000118743628,51,7,GRU
0.000715980539098382,0.020623870193958282,0.0018439886625856161,0.035370685160160065,0.0002500000118743628,52,7,GRU
0.0007858835742808878,0.02149525098502636,0.0015770847676321864,0.032283980399370193,0.0002500000118743628,53,7,GRU
0.0006947877700440586,0.02002914436161518,0.001440552994608879,0.030942928045988083,0.0002500000118743628,54,7,GRU
0.0005825550761073828,0.018310854211449623,0.0015542383771389723,0.03252691403031349,0.0002500000118743628,55,7,GRU
0.0007389780948869884,0.021305464208126068,0.0014390713768079877,0.031013157218694687,0.0002500000118743628,56,7,GRU
0.0006894338293932378,0.01933242566883564,0.001371198333799839,0.02996782399713993,0.0002500000118743628,57,7,GRU
0.000763914838898927,0.02089528553187847,0.0014743299689143896,0.031218795105814934,0.0002500000118743628,58,7,GRU
0.0005866343853995204,0.018914103507995605,0.001512186718173325,0.03158015385270119,0.0002500000118743628,59,7,GRU
0.04630731791257858,0.16307881474494934,0.008290275931358337,0.06835783272981644,0.0010000000474974513,1,8,GRU
0.02490871399641037,0.12250787019729614,0.004673823714256287,0.051112137734889984,0.0010000000474974513,2,8,GRU
0.014406614936888218,0.09120392799377441,0.004855780862271786,0.057402193546295166,0.0010000000474974513,3,8,GRU
0.01236979104578495,0.08499378710985184,0.0026364659424871206,0.041730113327503204,0.0010000000474974513,4,8,GRU
0.011311426758766174,0.08469155430793762,0.00246846629306674,0.03935781866312027,0.0010000000474974513,5,8,GRU
0.008611243218183517,0.07257704436779022,0.0033847754821181297,0.04706410691142082,0.0010000000474974513,6,8,GRU
0.008718918077647686,0.07080958038568497,0.0025817707646638155,0.040158338844776154,0.0010000000474974513,7,8,GRU
0.006832938175648451,0.06550672650337219,0.0021399168763309717,0.03478690981864929,0.0010000000474974513,8,8,GRU
0.006881543900817633,0.06425891816616058,0.0018918173154816031,0.03206334263086319,0.0010000000474974513,9,8,GRU
0.005392357707023621,0.057017285376787186,0.001911347033455968,0.03388160839676857,0.0010000000474974513,10,8,GRU
0.005745278671383858,0.060346245765686035,0.002270590513944626,0.03799504414200783,0.0010000000474974513,11,8,GRU
0.004399036522954702,0.051634859293699265,0.0022922977805137634,0.03703993558883667,0.0010000000474974513,12,8,GRU
0.003740581450983882,0.04893841966986656,0.0027615453582257032,0.03983423486351967,0.0010000000474974513,13,8,GRU
0.003912434913218021,0.047424666583538055,0.0026037131901830435,0.04108237475156784,0.0010000000474974513,14,8,GRU
0.00428073899820447,0.050648827105760574,0.0023178481496870518,0.03815426304936409,0.0010000000474974513,15,8,GRU
0.0032039564102888107,0.04385494440793991,0.002410647924989462,0.03764580562710762,0.0010000000474974513,16,8,GRU
0.003184828208759427,0.04201899841427803,0.002365431282669306,0.03684825077652931,0.0010000000474974513,17,8,GRU
0.0028814508114010096,0.04128314182162285,0.0022521219216287136,0.03563254326581955,0.0010000000474974513,18,8,GRU
0.0030566081404685974,0.042453330010175705,0.0022013119887560606,0.03339618816971779,0.0010000000474974513,19,8,GRU
0.00311826029792428,0.04219831898808479,0.0019132427405565977,0.03152497485280037,0.0005000000237487257,20,8,GRU
0.002444126643240452,0.038494110107421875,0.002007225761190057,0.03314898908138275,0.0005000000237487257,21,8,GRU
0.002479194663465023,0.03763212263584137,0.0020647351630032063,0.03293474763631821,0.0005000000237487257,22,8,GRU
0.0019996240735054016,0.034987013787031174,0.0023124904837459326,0.036529798060655594,0.0005000000237487257,23,8,GRU
0.0029609445482492447,0.04128032550215721,0.002624926622956991,0.03890228271484375,0.0005000000237487257,24,8,GRU
0.0023882018867880106,0.036477670073509216,0.0023772609420120716,0.03684608265757561,0.0005000000237487257,25,8,GRU
0.0022947245743125677,0.037451084703207016,0.0025166943669319153,0.03772258758544922,0.0005000000237487257,26,8,GRU
0.002709242282435298,0.039911191910505295,0.002588086063042283,0.03808512166142464,0.0005000000237487257,27,8,GRU
0.0022817503195255995,0.03722844645380974,0.0022144378162920475,0.03543945774435997,0.0005000000237487257,28,8,GRU
0.002204378368332982,0.03657088428735733,0.0021352136973291636,0.03502991795539856,0.0005000000237487257,29,8,GRU
0.12896719574928284,0.2846493124961853,0.021165398880839348,0.11462750285863876,0.0010000000474974513,1,9,GRU
0.025014281272888184,0.12868016958236694,0.046204209327697754,0.15900173783302307,0.0010000000474974513,2,9,GRU
0.019204601645469666,0.10801327228546143,0.014511259272694588,0.09712975472211838,0.0010000000474974513,3,9,GRU
0.01312208455055952,0.08805171400308609,0.008034425787627697,0.07561829686164856,0.0010000000474974513,4,9,GRU
0.009797225706279278,0.0793885737657547,0.010419899597764015,0.08047893643379211,0.0010000000474974513,5,9,GRU
0.008473227731883526,0.07063739746809006,0.011314664967358112,0.08260378986597061,0.0010000000474974513,6,9,GRU
0.007363705895841122,0.06712986528873444,0.005988080520182848,0.06348401308059692,0.0010000000474974513,7,9,GRU
0.00585139961913228,0.05934865400195122,0.005209623370319605,0.05878486484289169,0.0010000000474974513,8,9,GRU
0.006763425190001726,0.0642857551574707,0.005338514689356089,0.058673836290836334,0.0010000000474974513,9,9,GRU
0.007003353908658028,0.06389327347278595,0.005910309962928295,0.061759162694215775,0.0010000000474974513,10,9,GRU
0.0064602140337228775,0.0631694346666336,0.00458501884713769,0.055084820836782455,0.0010000000474974513,11,9,GRU
0.005281600635498762,0.054925478994846344,0.003095358144491911,0.04598754271864891,0.0010000000474974513,12,9,GRU
0.004704074468463659,0.053435131907463074,0.0027781501412391663,0.043779172003269196,0.0010000000474974513,13,9,GRU
0.0047802370972931385,0.05285884067416191,0.0033897466491907835,0.048188429325819016,0.0010000000474974513,14,9,GRU
0.0041221557185053825,0.04905836656689644,0.004124750848859549,0.050997938960790634,0.0010000000474974513,15,9,GRU
0.00408063642680645,0.05034804344177246,0.002542589558288455,0.041779518127441406,0.0010000000474974513,16,9,GRU
0.003918488044291735,0.04684916138648987,0.002386294072493911,0.04141465201973915,0.0010000000474974513,17,9,GRU
0.004097552038729191,0.04916732758283615,0.0029601212590932846,0.045434802770614624,0.0010000000474974513,18,9,GRU
0.0032518974039703608,0.044768936932086945,0.0031409889925271273,0.04642505198717117,0.0010000000474974513,19,9,GRU
0.003369309473782778,0.04452994465827942,0.002231273567304015,0.04009533300995827,0.0010000000474974513,20,9,GRU
0.0028883987106382847,0.04279889911413193,0.0018859378760680556,0.03686346113681793,0.0010000000474974513,21,9,GRU
0.0024352387990802526,0.03901844471693039,0.003243381856009364,0.047938812524080276,0.0010000000474974513,22,9,GRU
0.002668859902769327,0.039699167013168335,0.0023106636945158243,0.04170313477516174,0.0010000000474974513,23,9,GRU
0.002332505537196994,0.037564415484666824,0.002488661790266633,0.04205575957894325,0.0010000000474974513,24,9,GRU
0.0025528022088110447,0.039756931364536285,0.002400230150669813,0.040599510073661804,0.0010000000474974513,25,9,GRU
0.0022968498524278402,0.03791051730513573,0.001989430747926235,0.037319015711545944,0.0010000000474974513,26,9,GRU
0.0020097955130040646,0.03567192330956459,0.0018876432441174984,0.036272864788770676,0.0010000000474974513,27,9,GRU
0.0019462178461253643,0.03432537615299225,0.0020804712548851967,0.03847561031579971,0.0010000000474974513,28,9,GRU
0.002013141755014658,0.03489437326788902,0.002243784489110112,0.039856791496276855,0.0010000000474974513,29,9,GRU
0.0019356568809598684,0.03435124456882477,0.0019197585061192513,0.036574527621269226,0.0010000000474974513,30,9,GRU
0.0016520656645298004,0.03152072802186012,0.0027079088613390923,0.04325485974550247,0.0010000000474974513,31,9,GRU
0.0016371789388358593,0.032067522406578064,0.003021532204002142,0.04600149020552635,0.0005000000237487257,32,9,GRU
0.0021125783678144217,0.0338929109275341,0.002411038149148226,0.04073798283934593,0.0005000000237487257,33,9,GRU
0.0018832921050488949,0.032310519367456436,0.0020431207958608866,0.037386517971754074,0.0005000000237487257,34,9,GRU
0.0015109606320038438,0.029785795137286186,0.0020342690404504538,0.037403129041194916,0.0005000000237487257,35,9,GRU
0.0016366937197744846,0.031023945659399033,0.0016236105002462864,0.03329949080944061,0.0005000000237487257,36,9,GRU
0.0018269751453772187,0.03274104744195938,0.001890303916297853,0.03618202731013298,0.0005000000237487257,37,9,GRU
0.0018892299849539995,0.03409464284777641,0.002154317684471607,0.0387774296104908,0.0005000000237487257,38,9,GRU
0.0015739831142127514,0.030210673809051514,0.00254358584061265,0.041961729526519775,0.0005000000237487257,39,9,GRU
0.001731025637127459,0.032864365726709366,0.002336760051548481,0.0400027260184288,0.0005000000237487257,40,9,GRU
0.001498245750553906,0.03042423352599144,0.0019159349612891674,0.03635081648826599,0.0005000000237487257,41,9,GRU
0.0016193353803828359,0.031465042382478714,0.002112746937200427,0.038336340337991714,0.0005000000237487257,42,9,GRU
0.0015789632452651858,0.031126897782087326,0.0018464402528479695,0.03539580479264259,0.0005000000237487257,43,9,GRU
0.0015329323941841722,0.029419150203466415,0.0019931518472731113,0.03639262169599533,0.0005000000237487257,44,9,GRU
0.001516107004135847,0.029898226261138916,0.0018382512498646975,0.034813351929187775,0.0005000000237487257,45,9,GRU
0.0013027946697548032,0.02789270132780075,0.0017511005280539393,0.03436503931879997,0.0005000000237487257,46,9,GRU
0.001195865566842258,0.026952626183629036,0.001796254306100309,0.03495750576257706,0.0002500000118743628,47,9,GRU
0.0012409595074132085,0.027318214997649193,0.001665478223003447,0.03361624851822853,0.0002500000118743628,48,9,GRU
0.0011533123906701803,0.026818562299013138,0.0017090956680476665,0.03421824797987938,0.0002500000118743628,49,9,GRU
0.0014191946247592568,0.02846391312777996,0.00170975795481354,0.03405415266752243,0.0002500000118743628,50,9,GRU
0.0013327955966815352,0.027661995962262154,0.0016664834693074226,0.033559683710336685,0.0002500000118743628,51,9,GRU
0.0014246068894863129,0.029021024703979492,0.0017194185638800263,0.0340711884200573,0.0002500000118743628,52,9,GRU
0.0011497997911646962,0.02608877420425415,0.0019240239635109901,0.03631195053458214,0.0002500000118743628,53,9,GRU
0.0011263824999332428,0.025726156309247017,0.0019173150649294257,0.036228202283382416,0.0002500000118743628,54,9,GRU
0.0015446892939507961,0.029721679165959358,0.0018308016005903482,0.035476136952638626,0.0002500000118743628,55,9,GRU
0.0013057372998446226,0.026716308668255806,0.0019610554445534945,0.036927249282598495,0.0002500000118743628,56,9,GRU
